uid	번호	구분	공연장	티켓오픈	제목	모수	연령_20세 미만	연령_20~29세	연령_30~39세	연령_40~49세	연령_50~59세	연령_60~69세	연령_70세 이상	거주_여수	거주_순천	거주_광양	거주_호남	거주_광주	거주_호남외지역
1296	1272	기획	대극장	2026.08.07 16시	2026 여수세계섬박람회 기념음악회	1	0	0	0	100	0	0	0	100	0	0	0	0	0
1295	1271	대관	대극장	2026.07.16 11시	[메인출력]폐막연주회 열 번째 심포니, 계속될 선율	130	0	10.76	27.69	30.03	13.84	16.15	1.53	30.76	35.41	3.84	0	0.76	29.23
1294	1270	대관	대극장	2026.07.16 11시	[메인출력]백윤학의 Cine-Fantasy	76	0	14.47	23.68	28.97	14.47	13.15	5.26	28.94	32.92	5.26	0	1.31	31.57
1293	1269	대관	대극장	2026.07.16 11시	[메인출력]라포엠의 Love Rhapsody	475	0.21	6.1	10.94	40.65	20.63	21.47	0	30.73	8.63	2.31	0	0.21	58.12
1292	1268	대관	소극장	01시	[메인출력]KBS교향악단 임산부를 위한 태교음악회	20	0	15	25	15	25	15	5	30	15	0	0	0	55
1291	1267	대관	대극장	2026.07.16 11시	[메인출력]개막연주회 열정의 서곡 – 정명훈의 ‘로미오와 줄리엣’	204	1.96	5.88	20.09	26.01	22.54	18.62	4.9	41.2	22.54	11.27	0	0.49	24.5
1290	1266	대관	기타	2026.07.15 10시	대관 결제용 페이지	97	0	10.3	19.58	48.48	3.09	0	18.55	71.14	0	1.03	0	0	27.83
1289	1265	기획	대극장	2026.07.30 16시	[메인출력]국립현대무용단 <트리플 빌>	230	0	17.82	22.6	25.24	23.91	10.43	0	33.93	26.52	16.95	0	3.91	18.69
1288	1264	기획	대극장	2026.07.22 16시	[메인출력]다비드 바뱅 & 아드리앙 몽도 <피아노 피아노>	177	0	9.03	13.55	32.81	32.76	10.16	1.69	45.22	36.15	8.47	0	0.56	9.6
1287	1263	공동기획	대극장	2026.07.24 16시	[메인출력]뮤지컬 <그날들>	6454	1.53	15.81	28.78	35.96	15.26	2.57	0.09	47.6	24.65	13.37	0	1.65	12.73
1286	1262	기획	대극장	2026.07.10 16시	[메인출력]뮤지컬 <달 샤베트> - 여수	1087	0.18	2.2	47.96	43.79	5.51	0.36	0	53.19	25.85	11.4	0	1.1	8.46
1284	1261	기획	대극장	2026.07.03 16시	[메인출력]브런치 콘서트 <현 위로 흐르는 계절: 열정과 고독사이>	619	0.16	7.75	21.64	24.71	28.63	15.18	1.93	36.37	24.07	7.1	0	0.48	31.98
1283	1260	대관	소극장	01시	[메인출력]제2회 류가연 가야금 독주회	18	0	11.11	27.8	27.77	27.77	5.55	0	72.23	11.11	5.55	0	0	11.11
1282	1259	대관	소극장	01시	[메인출력]현의 떨림, 관의 숨결	24	0	0	33.34	25	33.33	8.33	0	50.01	16.66	20.83	0	0	12.5
1280	1258	기획	대극장	2026.07.15 16시	[메인출력]뮤지컬 <러커스 더 스쿨>	511	2.54	6.26	14.09	58.14	17.02	1.76	0.19	45.61	25.83	23.48	0	0.58	4.5
1279	1257	기획	대극장	2026.08.07 16시	2026 여수세계섬박람회 기념음악회	0	0	0	0	0	0	0	0	0	0	0	0	0	0
1278	1256	기획	대극장	2026.07.08 16시	[메인출력]음반발매기념 <조재혁 피아노 리사이틀>	361	0.27	7.47	16.34	46.85	19.66	8.58	0.83	31.3	36.31	10.8	0	0.27	21.32
1277	1255	대관	대극장	01시	[메인출력]여수시립국악단 제49회 정기연주회 '여수문학기행'	29	0	6.89	20.68	48.3	24.13	0	0	79.33	3.44	10.34	0	0	6.89
1276	1254	기획	대극장	2026.05.20 01시	예울 테스트 상품	1	0	0	100	0	0	0	0	0	0	0	0	0	100
1275	1253	대관	대극장	01시	[메인출력]열린심포니오케스트라 제21회 정기연주회	38	0	7.89	28.94	31.6	18.42	13.15	0	71.07	2.63	10.52	0	5.26	10.52
1274	1252	대관	대극장	2026.05.26 01시	[메인출력]베베핀뮤지컬 <두근두근 새친구>	199	2.01	1	67.85	24.12	4.52	0.5	0	56.79	28.64	12.06	0	0.5	2.01
1270	1251	대관	대극장	2026.05.28 14시	[메인출력]2026년 여수에코국제음악제	191	1.04	10.47	19.89	30.4	26.17	10.99	1.04	57.09	10.99	13.08	0	1.04	17.8
1269	1250	대관	소극장	01시	[메인출력]이음스트링챔버오케스트라 제7회 정기연주회	43	0	6.97	25.58	30.25	30.23	6.97	0	67.47	13.95	11.62	2.32	2.32	2.32
1268	1249	대관	소극장	01시	[메인출력]앙상블여수 정기연주회 '섬도시를잇다'	20	0	0	15	30	45	5	5	55	10	20	0	0	15
1267	1248	대관	대극장	01시	[메인출력]여수시립합창단 제88회 정기연주회	40	7.5	10	20	25	27.5	7.5	2.5	60	17.5	12.5	0	0	10
1266	1247	대관	소극장	01시	[메인출력]곽진후 첼로 귀국 독주회	41	2.43	4.87	26.82	39.06	19.51	7.31	0	56.13	21.95	12.19	2.43	2.43	4.87
1265	1246	기획	대극장	2026.04.30 16시	[메인출력]헬로!오페라 <세비야의 이발사>	771	1.16	4.66	19.32	53.35	14.65	6.48	0.38	49.7	27.88	10.76	0.25	2.72	8.69
1264	1245	대관	소극장	01시	[메인출력]여수시립합창단 사전해설콘서트 '운명을 바라보는 두개의 시선'	18	0	0	0	38.88	44.46	16.66	0	55.56	33.33	11.11	0	0	0
1263	1244	기획	대극장	2026.04.22 16시	[메인출력]연극 <노인의 꿈>	1532	0.71	8.28	19.64	34.17	28.26	7.57	1.37	50.87	27.08	12.53	0	1.89	7.63
1261	1243	대관	대극장	2026.04.10 01시	[메인출력]제11회 크라운해태한음회	32	0	9.37	12.5	37.51	21.87	18.75	0	68.75	12.5	12.5	0	0	6.25
1260	1242	대관	대극장	2026.04.07 01시	[메인출력]여수시립국악단 제 48회 정기연주회 '불의소리 바람의노래'	19	0	0	36.86	26.31	31.57	0	5.26	57.91	10.52	0	0	5.26	26.31
1259	1241	기획	대극장	2026.04.09 16시	[메인출력]브런치 콘서트 <클래식과 함께 하는 미술관 여행 Ⅱ>	273	0.73	2.56	18.68	38.85	23.8	14.65	0.73	45.44	33.33	7.32	0	2.56	11.35
1258	1240	기획	대극장	2026.03.19 08시	2026 실내악 페스티벌 STAY 패키지	136	0	6.61	17.64	20.58	31.65	23.52	0	23.52	12.5	5.14	0	0.73	58.11
1257	1239	기획	대극장	2026.03.20 16시	김영욱×콜레기움 무지쿰 서울 <8 Seasons>	380	0.78	7.63	21.84	33.72	26.31	8.15	1.57	52.39	20.78	12.63	0	1.05	13.15
1256	1238	대관	대극장	2026.03.07 01시	[메인출력]여수시립합창단 봄봄봄 콘서트 상춘곡 청풍명월	49	2.04	4.08	20.4	40.84	24.48	4.08	4.08	51.04	18.36	18.36	0	2.04	10.2
1255	1237	기획	대극장	2026.04.09 16시	브런치 콘서트 <클래식과 함께 하는 미술관 여행 II>	83	0	3.61	34.96	32.53	15.66	10.84	2.4	33.75	25.3	6.02	0	2.4	32.53
1254	1236	기획	대극장	2026.03.06 16시	[메인출력]국립심포니오케스트라 라이브 애니메이션 <피터와 늑대 & 어미 거위>	561	0.17	2.31	41.39	40.46	11.05	4.45	0.17	51.54	25.31	12.47	0	1.06	9.62
1253	1235	대관	대극장	2026.02.24 01시	[메인출력]쇼뮤지컬 <프린세스 캐치!티니핑> - 여수	914	0	3.28	63.69	32.05	0.98	0	0	53.31	20.67	20.02	0	1.85	4.15
1252	1234	기획	대극장	2026.02.27 16시	[메인출력]한국페스티발앙상블 <세상에서 가장 편한 음악>	437	0.68	4.57	17.16	27.91	31.61	15.1	2.97	39.84	32.72	10.75	0	5.94	10.75
1251	1233	대관	대극장	2026.02.10 01시	[메인출력]뮤지컬 번개맨 시즌2 〈번개맨!VS번개맨？〉	328	0	4.26	65.87	29.87	0	0	0	64.36	18.59	12.8	0	1.21	3.04
1250	1232	기타	기타	01시	[메인출력]2026년도 상반기 대소극장 유지보수 기간 안내	16	0	6.25	43.75	37.5	12.5	0	0	37.5	31.25	12.5	0	0	18.75
1249	1231	기획	대극장	2026.02.12 16시	브런치 콘서트 <클래식과 함께 하는 미술관 여행 I>	522	0.19	3.25	19.15	39.3	26.24	11.11	0.76	49.45	26.43	10.72	0	1.53	11.87
1248	1230	기획	대극장	2026.02.06 16시	2026 실내악 페스티벌 <실내악, 그 이상의 세계>	787	2.54	7.87	19.56	27.31	31.29	10.67	0.76	45.89	25.41	8.25	0	2.92	17.53
1247	1229	기획	대극장	2026.01.29 16시	[메인출력]뮤지컬 <100층짜리 집> - 여수	1902	0.1	2.2	53.45	38.9	3.78	1.52	0.05	53.54	27.65	13.56	0	0.84	4.41
1246	1228	대관	대극장	2026.01.06 10시	[메인출력]가족뮤지컬 <에그박사 : 해적 보물섬의 비밀> - 여수	783	0	1.78	51.11	45.46	1.02	0.51	0.12	58.89	24.01	13.28	0	1.14	2.68
1245	1227	대관	소극장	2026.01.09 14시	[메인출력]지브리와 사랑에 빠지다 : 지브리 영화음악 콘서트 2026 - 여수	474	1.47	8.43	36.28	39.7	12.65	1.47	0	49.81	27.42	11.6	0	1.89	9.28
1244	1226	대관	대극장	01시	[메인출력]2025 여수영재교육원오케스트라 정기연주회	45	2.22	2.22	13.33	42.24	33.33	2.22	4.44	64.46	6.66	24.44	0	0	4.44
1243	1225	대관	소극장	01시	[메인출력]2025 애양청소년 오케스트라 제10회 정기연주회	26	0	3.84	38.48	26.92	26.92	3.84	0	61.55	15.38	19.23	0	3.84	0
1242	1224	대관	대극장	2025.11.14 01시	[메인출력]여수시립합창단과 함께하는 2025년 송년음악회 <HANDAL'S MESSIAH>	91	1.09	4.39	18.68	32.96	37.4	4.39	1.09	68.15	17.58	8.79	0	1.09	4.39
1241	1223	대관	대극장	2025.11.14 01시	[메인출력]여수전남교원오케스트라 제 17회 정기연주회	69	1.44	1.44	23.18	43.52	26.08	4.34	0	71.04	15.94	4.34	0	4.34	4.34
1240	1222	대관	소극장	2025.11.14 01시	[메인출력]신혜미 가야금 독주회 '숨 쉬는 장단, 노래하는 숲'	46	0	10.86	19.56	45.68	21.73	2.17	0	60.89	21.73	13.04	0	4.34	0
1239	1221	대관	소극장	2025.11.05 01시	[메인출력] OPERA 인턴해녀 PROJECT	297	0.67	3.7	29.62	50.54	11.44	3.7	0.33	72.74	14.81	6.73	0	1.01	4.71
1238	1220	기획	대극장	2025.11.18 16시	[메인출력]2026 뮤지컬 <미세스 다웃파이어> - 여수	9313	1.2	13.84	29.58	38.11	14.48	2.63	0.16	49.72	26.24	12.06	0	5.27	6.71
1237	1219	기획	대극장	2025.11.13 16시	2026 GS칼텍스 예울마루 신년음악회	2408	1.2	8.05	24.46	35.2	24.5	6.18	0.41	52.38	25.41	8.55	0	3.82	9.84
1236	1218	대관	대극장	2025.10.23 01시	[메인출력]2025년 제11회 여수학생오케스트라 페스티벌	22	4.54	4.54	27.27	54.57	4.54	4.54	0	68.19	13.63	9.09	0	9.09	0
1235	1217	대관	대극장	2025.10.17 01시	[메인출력]여수시립국악단 제 47회 정기공연 혼신-영웅을 위하여	57	0	1.75	12.28	35.08	36.86	14.03	0	64.94	15.78	14.03	0	3.5	1.75
1234	1216	대관	소극장	2025.10.17 13시	[메인출력]제12회 전남학교예술교육페스티벌_소극장	266	1.12	4.13	24.81	61.68	7.51	0.75	0	15.78	33.08	7.51	0	35.74	7.89
1233	1215	대관	대극장	2025.10.17 13시	[메인출력]제12회 전남학교예술교육페스티벌_대극장	793	0.88	11.09	18.66	55	14.37	0	0	18.03	35.07	12.1	0	21.94	12.86
1232	1214	대관	소극장	2025.10.14 01시	[메인출력]소프라노 박준영 리사이틀 '물결 위의 선율'	22	0	13.63	50.01	18.18	18.18	0	0	72.74	18.18	0	0	4.54	4.54
1231	1213	대관	대극장	2025.10.14 01시	[메인출력]여수시립합창단 제87회 정기연주회 네 개의 색, 하나의 노래	23	8.69	0	47.84	17.39	26.08	0	0	65.24	21.73	4.34	0	0	8.69
1230	1212	대관	소극장	2025.09.30 01시	[메인출력]제49회 여수예술제 한국음악협회 여수지부 가을밤의 세레나데	67	2.98	10.44	19.4	35.85	28.35	2.98	0	55.25	28.35	10.44	0	4.47	1.49
1229	1211	기획	대극장	2025.09.30 16시	[메인출력]2025 뮤지컬〈킹키부츠〉	11267	3.27	24.27	39.5	24.71	7.08	1.16	0.01	54.22	20.09	8.53	0	3.63	13.53
1228	1210	기획	소극장	2025.10.14 16시	[메인출력]뮤지컬 <김종욱 찾기> - 여수	2630	0.41	16.27	34.83	33.11	12.92	2.35	0.11	57.88	24.98	12.62	0	1.52	3
1227	1209	기획	대극장	2025.09.25 16시	[메인출력]2025 크리스마스 특별공연 발레 <호두까기 인형>	3239	1.08	11.39	30.13	40.9	11.2	4.38	0.92	49.45	24.32	12.19	0	3.02	11.02
1226	1208	대관	대극장	2025.09.23 01시	[메인출력]창작오페라 침묵 1948	68	2.94	22.05	20.58	32.38	11.76	8.82	1.47	75.01	16.17	7.35	0	0	1.47
1225	1207	대관	대극장	2025.09.23 01시	[메인출력]사랑의 성자 산돌 손양원, 베토벤을 만나다	32	3.12	6.25	31.26	31.25	12.5	12.5	3.12	28.12	34.39	3.12	0	6.25	28.12
1224	1206	대관	대극장	2025.09.19 01시	[메인출력]제49회 여수예술제	47	2.12	12.76	19.14	36.21	25.53	2.12	2.12	74.48	10.63	8.51	0	0	6.38
1223	1205	대관	대극장	2025.09.19 01시	[메인출력]제14회 한독국제교류유진청소년 정기연주회	52	1.92	11.53	17.3	55.8	9.61	1.92	1.92	63.47	25	7.69	0	0	3.84
1222	1204	대관	대극장	2025.09.17 01시	[메인출력]2025 V.O.S 전국투어콘서트 <동창회>	333	0	20.12	35.45	35.13	8.4	0.9	0	68.79	15.31	5.4	0	3.9	6.6
1221	1203	기획	대극장	2025.09.05 16시	[메인출력]헬로! 오페라 <오페라 하이라이트>	749	1.2	14.41	22.29	36.75	11.74	12.41	1.2	57.83	21.09	8.81	0	5.2	7.07
1220	1202	대관	소극장	2025.08.28 01시	[메인출력]트리오제이와 친구들 '클래식톡톡'	8	0	12.5	25	50	12.5	0	0	12.5	62.5	25	0	0	0
1219	1201	기획	대극장	2025.09.02 09시	2025 실내악 페스티벌 <STAY 패키지>	429	0.69	11.18	20.51	25.87	33.37	8.15	0.23	14.21	9.09	2.79	0	1.39	72.52
1218	1200	대관	소극장	2025.08.22 09시	[메인출력]연극 어느, 어느날	101	6.93	23.76	30.7	30.69	6.93	0.99	0	55.45	21.78	12.87	0	3.96	5.94
1217	1199	기획	대극장	2025.09.11 16시	[메인출력]브런치 콘서트 <크리스마스가 우리 마을에>	611	1.47	10.31	27.49	35.05	17.51	6.05	2.12	55.67	26.84	9.65	0	3.1	4.74
1216	1198	대관	기타	2025.08.12 01시	[메인출력]리듬 오브 더 라이트 '캔들라이트 콘서트'	0	0	0	0	0	0	0	0	0	0	0	0	0	0
1215	1197	대관	소극장	2025.08.07 01시	[메인출력]지브리와 사랑에 빠지다 : 지브리 영화음악 콘서트 2025 - 여수 앙코르	272	2.57	14.7	25.36	37.53	16.91	2.57	0.36	55.17	23.52	11.02	0	1.47	8.82
1214	1196	대관	소극장	2025.08.02 01시	[메인출력]타악앙상블 META의 '프랙탈'	0	0	0	0	0	0	0	0	0	0	0	0	0	0
1213	1195	대관	대극장	2025.07.24 09시	[메인출력]판타지 가족오페라 〈신비한 시간여행〉 - 여수	2	0	0	0	100	0	0	0	100	0	0	0	0	0
1212	1194	대관	대극장	2025.07.17 01시	[메인출력]2025년 여수에코국제음악제_영재오케스트라	2	0	0	100	0	0	0	0	0	50	0	0	50	0
1211	1193	기획	대극장	2025.07.25 14시	[메인출력]연극 <내일은 내일에게>	1040	1.92	13.75	27.88	41.84	12.5	2.11	0	50.11	28.07	12.21	0	3.36	6.25
1210	1192	대관	대극장	2025.07.17 11시	[메인출력]KBS교향악단과 함께하는 제9회 여수음악제 폐막연주회 - 새로운 도전 ‘카바코스의 쇼스타코비치’	6	0	0	0	33.33	66.67	0	0	33.33	50.01	0	16.66	0	0
1209	1191	대관	소극장	2025.07.17 11시	[메인출력]KBS교향악단과 함께하는 제9회 여수음악제 - 한국을 대표하는 베이스 바리톤 사무엘 윤의 ‘토크 콘서트’	3	0	0	33.34	33.33	33.33	0	0	0	66.67	0	0	0	33.33
1208	1190	대관	소극장	2025.07.17 01시	[메인출력]KBS교향악단과 함께하는 제9회 여수음악제 - 프랑스 정통 피아니스트 장 에플랑 바부제의 ‘The French’	1	0	0	0	0	100	0	0	0	0	0	100	0	0
1207	1189	대관	소극장	2025.07.17 11시	[메인출력]KBS교향악단과 함께하는 제9회 여수음악제 - 팬텀싱어 우승자 테너 유채훈의 ‘Solus’	0	0	0	0	0	0	0	0	0	0	0	0	0	0
1206	1188	대관	대극장	2025.07.17 11시	[메인출력]KBS교향악단과 함께하는 제9회 여수음악제 - 백윤학 지휘자와 함께하는 패밀리 판타지 콘서트	2	0	0	100	0	0	0	0	0	0	0	0	0	100
1205	1187	대관	대극장	2025.07.17 11시	[메인출력]KBS교향악단과 함께하는 제9회 여수음악제 개막연주회 - 마에스트로 정명훈의 ‘환상교향곡’	2	0	0	0	0	100	0	0	0	50	0	50	0	0
1204	1186	기획	소극장	2025.07.17 16시	[메인출력]2025 실내악 페스티벌 Pre Festival Concert	238	2.1	20.58	20.58	34.48	15.96	5.04	1.26	37.83	25.63	6.72	0	9.24	20.58
1203	1185	기획	대극장	2025.07.17 16시	[메인출력]2025 실내악 페스티벌 <동유럽의 춤>	443	1.58	18.05	19.86	28.02	27.08	4.51	0.9	44.71	18.05	6.32	0	2.48	28.44
1202	1184	대관	대극장	2025.07.09 09시	[메인출력]우주매직쇼	563	0	4.61	44.22	46.93	3.01	1.06	0.17	72.13	17.76	6.03	0	1.95	2.13
1201	1183	대관	소극장	2025.07.15 09시	[메인출력]라벨 150주년 기념 음악회 with Festival M. Ravel	0	0	0	0	0	0	0	0	0	0	0	0	0	0
1200	1182	대관	소극장	2025.07.03 01시	[메인출력]멘토와 멘티의 만남 FluteIN 여수청소년플루트앙상블	0	0	0	0	0	0	0	0	0	0	0	0	0	0
1199	1181	대관	소극장	2025.07.02 01시	[메인출력]Joy Of Percussion 7회 정기연주회	0	0	0	0	0	0	0	0	0	0	0	0	0	0
1198	1180	대관	대극장	2025.07.01 14시	[메인출력]뮤지컬 사랑의 하츄핑-여수	72	1.38	2.77	68.08	27.77	0	0	0	37.5	40.29	19.44	0	0	2.77
1197	1179	기획	대극장	2025.07.10 16시	브런치 콘서트 <꼬리에 꼬리를 무는 클래식>	1	0	0	0	100	0	0	0	0	100	0	0	0	0
1196	1178	기획	대극장	2025.06.26 16시	[메인출력]열혈건반 <쇼팽 그리고 쇼팽>	0	0	0	0	0	0	0	0	0	0	0	0	0	0
1195	1177	기획	대극장	2025.07.02 16시	[메인출력]뮤지컬 <설민석의 한국사 대모험 : 안중근> - 여수	257	0	3.11	31.12	62.68	1.55	1.16	0.38	73.56	15.95	6.61	0	0.77	3.11
1194	1176	대관	대극장	2025.06.17 14시	[메인출력]뮤지컬 한글용사 아이야 새로운 이야기 〈달라도 친구야!〉	0	0	0	0	0	0	0	0	0	0	0	0	0	0
1193	1175	기획	대극장	2025.06.12 16시	[메인출력]가족뮤지컬 <넘버블록스> - 여수	1	0	100	0	0	0	0	0	0	100	0	0	0	0
1192	1174	대관	대극장	2025.05.27 01시	[메인출력]여수시립국악단 제 46회 정기공연 창해화	0	0	0	0	0	0	0	0	0	0	0	0	0	0
1191	1173	대관	대극장	2025.05.28 09시	[메인출력]제10회 여수 에코 국제 음악제 비상, 바다를 날다.	1	0	0	0	0	100	0	0	100	0	0	0	0	0
1190	1172	대관	소극장	2025.05.27 01시	[메인출력]주현주 다섯번째 소리판 보성소리 동편제 김세종판 조상현류 주소연 바디 춘향가 완창발표회 '해후'	0	0	0	0	0	0	0	0	0	0	0	0	0	0
1189	1171	대관	소극장	2025.05.16 01시	[메인출력]루체클라리넷 앙상블 목관과 금관의 토요일	0	0	0	0	0	0	0	0	0	0	0	0	0	0
1188	1170	대관	소극장	2025.05.16 01시	[메인출력]이음스트링쳄버오케스트라 제6회 정기연주회 with 드보르작 슬라브의 숨결	0	0	0	0	0	0	0	0	0	0	0	0	0	0
1187	1169	대관	소극장	2025.05.14 01시	[메인출력]가족과 함께하는 음악여행 Harmonic Echo	0	0	0	0	0	0	0	0	0	0	0	0	0	0
1186	1168	대관	대극장	2025.05.02 01시	[메인출력]여수시립합창단 제 86회 정기연주회 <베르디 레퀴엠>	1	0	0	0	100	0	0	0	0	0	0	0	100	0
1185	1167	기획	대극장	2025.05.22 14시	[메인출력]브런치 콘서트 <썸머 페스티벌>	2	0	0	0	100	0	0	0	0	100	0	0	0	0
1184	1166	기획	기타	2025.05.07 16시	[메인출력]2025 GS칼텍스 예울마루 위크	0	0	0	0	0	0	0	0	0	0	0	0	0	0
1183	1165	대관	소극장	2025.04.23 01시	[메인출력]베르디 레퀴엠 프리렉처 콘서트	0	0	0	0	0	0	0	0	0	0	0	0	0	0
1182	1164	대관	소극장	2025.04.23 14시	[메인출력]김유상 이윤희 듀오 리사이틀	1	0	0	0	100	0	0	0	100	0	0	0	0	0
1181	1163	기획	대극장	2025.05.14 16시	[메인출력]연극 <꽃의 비밀>	4	0	25	25	50	0	0	0	100	0	0	0	0	0
1180	1162	대관	소극장	2025.04.15 01시	[메인출력]바리톤 고성현 시인의 사랑과 생애	0	0	0	0	0	0	0	0	0	0	0	0	0	0
1179	1161	대관	소극장	2025.04.11 01시	[메인출력]서주희 바이올린 리사이틀	1	0	0	0	0	0	100	0	100	0	0	0	0	0
1178	1160	대관	대극장	2025.04.16 14시	[메인출력]2025년 남진 60주년 전국투어 콘서트	1	0	100	0	0	0	0	0	0	100	0	0	0	0
1177	1159	대관	소극장	2025.04.08 01시	[메인출력]시대음악 시리즈 VI. 슈만과 사랑	0	0	0	0	0	0	0	0	0	0	0	0	0	0
1176	1158	대관	소극장	2025.04.03 01시	[메인출력]박두규 기타 독주회	0	0	0	0	0	0	0	0	0	0	0	0	0	0
1175	1157	대관	소극장	2025.04.01 01시	[메인출력]제13회 한국리스트협회 호남지부 정기연주회	0	0	0	0	0	0	0	0	0	0	0	0	0	0
1174	1156	대관	대극장	2025.03.27 01시	[메인출력]2025 김창옥 토크콘서트 시즌5-여수	0	0	0	0	0	0	0	0	0	0	0	0	0	0
1173	1155	대관	대극장	2025.03.26 01시	[메인출력]2025 유키 구라모토 콘서트 Peacefully 여수	13	0	0	0	7.69	92.31	0	0	7.69	92.31	0	0	0	0
1172	1154	기획	대극장	2025.03.28 16시	[메인출력]창작발레 <갓 GAT>	0	0	0	0	0	0	0	0	0	0	0	0	0	0
1171	1153	대관	소극장	01시	[메인출력]열린심포니오케스트라 제 20회 정기연주회 오페라 헨젤과 그레텔	1	0	0	0	100	0	0	0	100	0	0	0	0	0
1170	1152	기획	대극장	2025.04.22 16시	[메인출력]뮤지컬 <명성황후> 30주년 기념공연 - 여수	8	0	12.5	62.5	25	0	0	0	50	12.5	37.5	0	0	0
1169	1151	기획	대극장	2025.03.26 14시	[메인출력]브런치 콘서트 <냠냠 클래식>	2	0	0	0	50	50	0	0	0	100	0	0	0	0
1168	1150	기획	대극장	2025.03.07 16시	[메인출력]스페인 국립 플라멩코 발레단 내한공연 <아파나도르>	1	100	0	0	0	0	0	0	100	0	0	0	0	0
1167	1149	대관	소극장	2025.02.28 09시	[메인출력]연극 감마선은 달무늬 얼룩진 금잔화에 어떤 영향을 주었는가	1	0	100	0	0	0	0	0	100	0	0	0	0	0
1166	1148	대관	대극장	2025.02.07 01시	[메인출력]뮤지컬 번개맨 시즌2 <번개맨!VS번개맨?>-여수	10	0	0	50	50	0	0	0	40	20	40	0	0	0
1165	1147	기획	대극장	2025.02.19 14시	[메인출력]어린이 뮤지컬 <넌 특별하단다> 서커스버전	1	0	0	0	100	0	0	0	100	0	0	0	0	0
1164	1146	기획	대극장	2025.02.04 14시	[메인출력]브런치 콘서트 <오전에 즐기는 클래식 만찬>	3	0	0	0	66.67	33.33	0	0	33.33	66.67	0	0	0	0
1163	1145	대관	대극장	2025.01.17 01시	[메인출력]2025 이승철 콘서트 <오케스트락2>-여수	0	0	0	0	0	0	0	0	0	0	0	0	0	0
1162	1144	기획	대극장	2025.01.21 16시	[메인출력]피아니스트 백건우 리사이틀 <백건우와 모차르트>	4	0	0	0	0	100	0	0	100	0	0	0	0	0
1161	1143	대관	대극장	2025.01.14 01시	[메인출력]전남동부극동방송 개국10주년 전속합창단 연합공연	0	0	0	0	0	0	0	0	0	0	0	0	0	0
1160	1142	대관	대극장	2024.12.26 14시	[메인출력]히사이시 조 영화음악 콘서트 2025_파이널 여수	3	0	100	0	0	0	0	0	100	0	0	0	0	0
1159	1141	대관	소극장	2024.12.22 01시	[메인출력]2025 지브리 영화음악 콘서트 <지브리와 사랑에 빠지다>	7	0	28.58	14.28	28.57	28.57	0	0	71.43	0	28.57	0	0	0
1158	1140	대관	대극장	01시	[메인출력]제 16회 여수전남교원오케스트라 정기연주회 <사제동행>	1	0	0	100	0	0	0	0	0	0	0	0	100	0
1157	1139	대관	대극장	2024.12.11 01시	[메인출력]베베핀 뮤지컬 <우당탕탕 패밀리>	16	0	0	68.75	31.25	0	0	0	62.5	18.75	6.25	0	0	12.5
1156	1138	기획	대극장	2024.12.13 16시	[메인출력]뮤지컬 <시카고>	13	7.69	23.07	53.86	15.38	0	0	0	38.46	46.16	15.38	0	0	0
1155	1137	대관	대극장	2024.12.10 01시	[메인출력]원더매직의 <과학마술콘서트>	3	0	33.34	33.33	33.33	0	0	0	66.67	33.33	0	0	0	0
1154	1136	대관	소극장	01시	[메인출력]제 10회 지역예술인재콘서트 <내 꿈에 날개를>	0	0	0	0	0	0	0	0	0	0	0	0	0	0
1153	1135	대관	대극장	2024.12.05 01시	[메인출력]창작오페라 <거문도의 캐롤>	1	0	0	100	0	0	0	0	100	0	0	0	0	0
1152	1134	대관	대극장	2024.11.26 05시	[메인출력]여수시립국악단 제 45회 정기공연_창극 <아름다운 사람, 이순신>	0	0	0	0	0	0	0	0	0	0	0	0	0	0
1151	1133	대관	대극장	01시	[메인출력]2024 여수영재교육원 오케스트라 정기연주회 <차인홍, 안트리오와 꿈을 연주하다>	0	0	0	0	0	0	0	0	0	0	0	0	0	0
1150	1132	대관	소극장	01시	[메인출력]제 9회 애양청소년오케스트라 정기연주회	0	0	0	0	0	0	0	0	0	0	0	0	0	0
1149	1131	대관	대극장	01시	[메인출력]여수필하모닉오케스트라 제 36회 정기연주회 <2024 송년의 밤, 가족음악회>	0	0	0	0	0	0	0	0	0	0	0	0	0	0
1148	1130	기획	대극장	2024.11.21 16시	[메인출력]2025 GS칼텍스 예울마루 신년음악회	12	0	8.33	25	33.34	33.33	0	0	58.35	16.66	8.33	0	0	16.66
1147	1129	대관	소극장	2024.11.14 01시	[메인출력]제 2회 류영숙 전통무용 발표회 <꽃, 춤으로 피어오르다>	0	0	0	0	0	0	0	0	0	0	0	0	0	0
1146	1128	대관	소극장	01시	[메인출력]이혜란의 장도 소나타Ⅱ: 새벽빛, 그 소리를 담다.	0	0	0	0	0	0	0	0	0	0	0	0	0	0
1145	1127	대관	대극장	2024.11.13 01시	[메인출력]발레와 함께하는 클래식 음악동화 <호두까기 인형>	2	0	50	0	50	0	0	0	0	0	50	0	50	0
1144	1126	대관	대극장	2024.11.06 01시	[메인출력]2024 여수시민합창제	0	0	0	0	0	0	0	0	0	0	0	0	0	0
1143	1125	대관	대극장	2024.11.05 01시	[메인출력]여수시립합창단 제 85회 정기연주회 <BEAUTIFUL MEMORIES>	0	0	0	0	0	0	0	0	0	0	0	0	0	0
1142	1124	대관	소극장	01시	[메인출력]2024 여수 남해 음악협회 교류연주회	0	0	0	0	0	0	0	0	0	0	0	0	0	0
1141	1123	대관	대극장	01시	[메인출력]한독 국제 유진 청소년 오케스트라 제 13회 정기연주회	0	0	0	0	0	0	0	0	0	0	0	0	0	0
1140	1122	대관	소극장	2024.11.01 14시	[메인출력]신혜미 가야금 독주회	0	0	0	0	0	0	0	0	0	0	0	0	0	0
1139	1121	기획	대극장	2024.10.31 16시	[메인출력]발레 <호두까기 인형>	8	0	25	0	25	0	50	0	62.5	0	0	0	12.5	25
1138	1120	기획	대극장	2024.11.07 16시	[메인출력]아레나 디 베로나 오페라 페스티벌 <라 보엠> 공연실황 상영	1	0	100	0	0	0	0	0	0	0	0	0	100	0
1137	1119	대관	소극장	2024.10.22 12시	[메인출력]2024 앙상블루체 제 2회 정기연주회 <Fall in Clarinet>	0	0	0	0	0	0	0	0	0	0	0	0	0	0
1136	1118	대관	대극장	2024.10.22 01시	[메인출력]CTS 전남방송 개국20주년 기념 <감사콘서트>	0	0	0	0	0	0	0	0	0	0	0	0	0	0
1135	1117	대관	대극장	2024.10.15 01시	[메인출력]제 8회 여수시민오케스트라 정기연주회 '가을... 비상을 꿈꾸다'	0	0	0	0	0	0	0	0	0	0	0	0	0	0
1134	1116	기획	대극장	2024.10.17 16시	[메인출력]윈터워크-재즈 피아노, 트리오, 재즈 빅밴드와 함께하는 특별한 음악 산책	0	0	0	0	0	0	0	0	0	0	0	0	0	0
1133	1115	대관	대극장	2024.10.10 01시	[메인출력]제 10회 여수 학생 오케스트라 페스티벌	0	0	0	0	0	0	0	0	0	0	0	0	0	0
1132	1114	대관	대극장	2024.10.08 17시	[메인출력]카메라타 전남 제 13회 정기연주회 <희망나눔 콘서트>	0	0	0	0	0	0	0	0	0	0	0	0	0	0
1131	1113	대관	소극장	2024.10.10 10시	[메인출력]제 11회 전남학교예술교육페스티벌 - 복합장르	0	0	0	0	0	0	0	0	0	0	0	0	0	0
1130	1112	대관	대극장	2024.10.10 10시	[메인출력]제 11회 전남학교예술교육페스티벌-오케스트라	5	0	0	0	100	0	0	0	40	0	0	0	0	60
1129	1111	대관	대극장	01시	[메인출력]창작오페라 침묵 <바다에 핀 동백>	0	0	0	0	0	0	0	0	0	0	0	0	0	0
1128	1110	대관	대극장	01시	[메인출력]제 48회 여수예술제	0	0	0	0	0	0	0	0	0	0	0	0	0	0
1127	1109	대관	소극장	2024.09.24 01시	[메인출력]제 48회 여수예술제 - 가을밤의 세레나데	0	0	0	0	0	0	0	0	0	0	0	0	0	0
1126	1108	대관	소극장	2024.09.15 01시	[메인출력]반짝반짝 빛나는 마술사의 방	0	0	0	0	0	0	0	0	0	0	0	0	0	0
1125	1107	대관	대극장	2024.09.11 14시	[메인출력]2024 V.O.S 20주년 전국투어 콘서트 〈우리의 스무살〉 - 여수	0	0	0	0	0	0	0	0	0	0	0	0	0	0
1124	1106	기획	대극장	2024.09.13 16시	[메인출력]3테너 콘서트 in 여수	0	0	0	0	0	0	0	0	0	0	0	0	0	0
1123	1105	대관	소극장	01시	[메인출력]내가 사랑한 프랑스 화가와 음악가들	0	0	0	0	0	0	0	0	0	0	0	0	0	0
1122	1104	대관	대극장	01시	[메인출력]인천시립합창단과 함께하는 <손양원 목사 음악회>	0	0	0	0	0	0	0	0	0	0	0	0	0	0
1121	1103	대관	대극장	2024.09.02 14시	[메인출력]KBS교향악단과 함께하는 제 8회 <여수 음악제> 폐막연주회 - 대니구 <새로운 페이지>	11	0	0	36.37	36.36	9.09	18.18	0	72.73	0	0	0	0	27.27
1120	1102	대관	소극장	2024.09.02 14시	[메인출력]KBS교향악단과 함께하는 제 8회 <여수 음악제> 소극장 시리즈 Ⅱ - 길병민의 <별을 캐는 밤>	0	0	0	0	0	0	0	0	0	0	0	0	0	0
1119	1101	대관	소극장	2024.09.02 14시	[메인출력]KBS교향악단과 함께하는 제 8회 <여수 음악제> 소극장 시리즈 Ⅰ - 홍진호의<안 디 무지크>	0	0	0	0	0	0	0	0	0	0	0	0	0	0
1118	1100	대관	대극장	2024.09.02 14시	[메인출력]KBS교향악단과 함께하는 제 8회 <여수 음악제> - 기돈크레머&크레메레타 발티카<‘Living Legend’>	0	0	0	0	0	0	0	0	0	0	0	0	0	0
1117	1099	대관	대극장	2024.09.01 14시	[메인출력]KBS교향악단과 함께하는 제 8회 <여수 음악제> - <정명훈과 친구들>	0	0	0	0	0	0	0	0	0	0	0	0	0	0
1116	1098	대관	대극장	2024.08.31 14시	[메인출력]KBS교향악단과 함께하는 제 8회 <여수 음악제> 개막 연주회 - 정명훈의 <Triple Concerto>	0	0	0	0	0	0	0	0	0	0	0	0	0	0
1115	1097	대관	소극장	01시	[메인출력]2024 제 18회 루미아 플룻 콰이어 정기연주회<해피콘서트 짬쏭, 모두 모여樂>	0	0	0	0	0	0	0	0	0	0	0	0	0	0
1114	1096	대관	소극장	01시	[메인출력]JOY OF PERCUSSION 제6회 정기연주회 <지브리X탱고>	0	0	0	0	0	0	0	0	0	0	0	0	0	0
1113	1095	대관	소극장	01시	[메인출력]제 1회 여수 국제 웹페스트	0	0	0	0	0	0	0	0	0	0	0	0	0	0
1112	1094	대관	대극장	01시	[메인출력]2024 영호남 4개도시 청소년 교류음악회	0	0	0	0	0	0	0	0	0	0	0	0	0	0
1111	1093	대관	대극장	01시	[메인출력]제 2회 남도 전국 합창 경연 페스티벌	0	0	0	0	0	0	0	0	0	0	0	0	0	0
1110	1092	대관	대극장	2024.08.15 01시	[메인출력]통일기원음악회	0	0	0	0	0	0	0	0	0	0	0	0	0	0
1109	1091	기획	대극장	2024.08.14 11시	[메인출력]GS칼텍스 예울마루 실내악 페스티벌 Part 2.	3	0	33.34	0	33.33	33.33	0	0	33.33	0	0	0	0	66.67
1108	1090	기획	대극장	2024.08.14 11시	GS칼텍스 예울마루 실내악 페스티벌 Part 1.	2	0	50	0	0	50	0	0	50	0	0	0	0	50
1107	1089	대관	대극장	2024.07.30 01시	[메인출력]캐치! 티니핑 <두근두근 싱어 롱 콘서트> - 여수	15	0	0	80	20	0	0	0	73.34	6.66	20	0	0	0
1106	1088	대관	대극장	2024.07.24 01시	[메인출력]2024 오누이 "우리들의 학창시절" 〈김용임,진성〉 - 여수	0	0	0	0	0	0	0	0	0	0	0	0	0	0
1105	1087	대관	대극장	2024.07.18 01시	[메인출력]여수심포니오케스트라 제 13회 정기연주회	0	0	0	0	0	0	0	0	0	0	0	0	0	0
1104	1086	기획	대극장	2024.09.04 14시	[메인출력]브런치 콘서트 <그 어느 겨울보다 따뜻한>	0	0	0	0	0	0	0	0	0	0	0	0	0	0
1102	1085	기획	대극장	2024.09.26 14시	[메인출력]뮤지컬 <젠틀맨스 가이드: 사랑과 살인편>	0	0	0	0	0	0	0	0	0	0	0	0	0	0
1101	1084	대관	소극장	2024.07.04 11시	[메인출력]플루트 기타 듀오 N’kinSuh 리사이틀	0	0	0	0	0	0	0	0	0	0	0	0	0	0
1100	1083	대관	소극장	2024.07.03 01시	[메인출력]2024 WALD 스트링 오케스트라와 함께하는 청소년 협연의 밤	0	0	0	0	0	0	0	0	0	0	0	0	0	0
1099	1082	대관	소극장	2024.06.25 14시	[메인출력]타악앙상블 META 제 4회 정기연주회 <헝가리안 소나타>	0	0	0	0	0	0	0	0	0	0	0	0	0	0
1098	1081	기획	소극장	2024.10.25 14시	[메인출력]연극 <시간을 파는 상점>	0	0	0	0	0	0	0	0	0	0	0	0	0	0
1097	1080	기획	대극장	2024.08.28 10시	[메인출력]뮤지컬 <오즈의 의류수거함>	0	0	0	0	0	0	0	0	0	0	0	0	0	0
1096	1079	대관	대극장	2024.06.20 14시	[메인출력]히사이시 조 영화음악 콘서트 2024_여수 앙코르	0	0	0	0	0	0	0	0	0	0	0	0	0	0
1095	1078	기획	대극장	2024.06.21 14시	[메인출력]2024 뮤지컬 <장영실과 함께하는 별별GPT>	0	0	0	0	0	0	0	0	0	0	0	0	0	0
1094	1077	대관	소극장	01시	[메인출력]봄연주회 위풍당당 음악회	0	0	0	0	0	0	0	0	0	0	0	0	0	0
1093	1076	기획	대극장	2024.07.02 14시	[메인출력]어린이 뮤지컬 <친구의 전설>	0	0	0	0	0	0	0	0	0	0	0	0	0	0
1092	1075	기획	대극장	2024.06.05 14시	[메인출력]브런치콘서트 <앙리 마티스와 클래식, 그리고 "스캔들">	1	0	0	100	0	0	0	0	100	0	0	0	0	0
1091	1074	대관	대극장	01시	[메인출력]여수시립합창단 제 84회 정기연주회 <모짜르트 '레퀴엠'>	0	0	0	0	0	0	0	0	0	0	0	0	0	0
1090	1073	기획	대극장	2024.05.24 14시	[메인출력]뮤지컬 <노트르담 드 파리>	3	0	66.67	33.33	0	0	0	0	0	0	33.33	0	66.67	0
1089	1072	대관	소극장	2024.05.14 02시	[메인출력]앙상블여수 정기공연 연주회	0	0	0	0	0	0	0	0	0	0	0	0	0	0
1088	1071	기획	대극장	2024.05.22 14시	[메인출력]김지연,송영훈,조재혁과 함께 하는 트리오 인: 드보르자크	0	0	0	0	0	0	0	0	0	0	0	0	0	0
1087	1070	대관	대극장	2024.05.13 10시	[메인출력]제 9회 2024 여수에코국제음악제	0	0	0	0	0	0	0	0	0	0	0	0	0	0
1086	1069	대관	소극장	2024.05.08 01시	[메인출력]이음 스트링 챔버 오케스트라 제 5회 정기연주회	0	0	0	0	0	0	0	0	0	0	0	0	0	0
1085	1068	대관	대극장	2024.05.01 01시	[메인출력]어린이 뮤지컬 바다탐험대 옥토넛3 <바다넘어육지까지> - 여수	0	0	0	0	0	0	0	0	0	0	0	0	0	0
1084	1067	대관	대극장	2024.05.01 01시	[메인출력]가족뮤지컬 〈뽀로로와 친구들의 드림콘서트 - 잃어버린 꿈을 찾아서〉 - 여수	0	0	0	0	0	0	0	0	0	0	0	0	0	0
1083	1066	대관	소극장	01시	[메인출력]2024 조이 오브 퍼커션 제 5회 정기연주회	0	0	0	0	0	0	0	0	0	0	0	0	0	0
1082	1065	기획	대극장	2024.04.30 16시	[메인출력]헬로! 오페라 <봄봄>	0	0	0	0	0	0	0	0	0	0	0	0	0	0
1081	1064	대관	소극장	2024.05.01 01시	[메인출력]2024 이후성 첼로 독주회	0	0	0	0	0	0	0	0	0	0	0	0	0	0
1080	1063	기타	기타	01시	[GS칼텍스 예울마루WEEK] 장도 가족 소풍	0	0	0	0	0	0	0	0	0	0	0	0	0	0
1079	1062	기획	기타	08시	[GS칼텍스 예울마루WEEK] 파크 콘서트	0	0	0	0	0	0	0	0	0	0	0	0	0	0
1077	1061	기획	기타	20시	GS칼텍스 예울마루WEEK	0	0	0	0	0	0	0	0	0	0	0	0	0	0
1076	1060	대관	소극장	2024.03.21 01시	[메인출력]백은선 최옥산류 가야금 산조 독주회	0	0	0	0	0	0	0	0	0	0	0	0	0	0
1075	1059	대관	소극장	2024.03.20 01시	[메인출력]루체 클라리넷 앙상블	0	0	0	0	0	0	0	0	0	0	0	0	0	0
1074	1058	대관	대극장	2024.03.19 14시	[메인출력]최현우 Answer - 여수	0	0	0	0	0	0	0	0	0	0	0	0	0	0
1073	1057	대관	대극장	01시	[메인출력]열린심포니오케스트라 제 19회 정기연주회	1	0	0	100	0	0	0	0	0	0	0	0	0	100
1072	1056	기획	소극장	2024.03.22 14시	관객평점 9.9 뮤지컬 <썸데이>	1	0	0	100	0	0	0	0	0	100	0	0	0	0
1071	1055	대관	대극장	2024.03.22 14시	[메인출력]2024 김창옥 시즌4 토크 콘서트 - 여수	0	0	0	0	0	0	0	0	0	0	0	0	0	0
1069	1054	대관	소극장	01시	[메인출력]2024 신춘음악회	0	0	0	0	0	0	0	0	0	0	0	0	0	0
1068	1053	대관	대극장	2024.03.13 14시	[메인출력]2024 김창완밴드 전국투어 <개구쟁이> 여수공연	3	0	0	33.33	0	66.67	0	0	66.67	0	0	0	0	33.33
1067	1052	기획	대극장	2024.03.21 14시	브런치콘서트 <룰루랄라, 우리 함께 노래해요>	2	0	0	100	0	0	0	0	100	0	0	0	0	0
1066	1051	기획	대극장	2024.03.13 14시	어린이 뮤지컬 <폴리팝> - 여수	1	0	0	100	0	0	0	0	0	100	0	0	0	0
1065	1050	대관	대극장	2024.02.20 01시	[메인출력]2024 주현미 콘서트 <The Original> - 여수	0	0	0	0	0	0	0	0	0	0	0	0	0	0
1064	1049	대관	대극장	2024.02.05 13시	[메인출력]2024 조명섭 ‘달밤 음악회’ 시즌2 - 여수	0	0	0	0	0	0	0	0	0	0	0	0	0	0
1063	1048	기획	대극장	2024.01.31 14시	브런치콘서트 <봄, 여행, 춤 그리고 음악>	0	0	0	0	0	0	0	0	0	0	0	0	0	0
1062	1047	대관	대극장	2024.01.19 19시	[메인출력]2023-24 엠씨더맥스 이수 콘서트 '기행문' - 여수	0	0	0	0	0	0	0	0	0	0	0	0	0	0
1061	1046	대관	대극장	2024.01.22 01시	[메인출력]헬로카봇 뮤지컬 시즌7 〈웰컴 투 파라다이스〉 - 여수	0	0	0	0	0	0	0	0	0	0	0	0	0	0
1060	1045	대관	대극장	2024.01.12 01시	[메인출력]히사이시 조 영화음악 콘서트	0	0	0	0	0	0	0	0	0	0	0	0	0	0
1059	1044	대관	소극장	2024.01.30 01시	[메인출력]이지희&장인규 피아노 조인트 리사이틀	0	0	0	0	0	0	0	0	0	0	0	0	0	0
1058	1043	대관	소극장	01시	김광윤 첫 번째 독주회 - 백미	0	0	0	0	0	0	0	0	0	0	0	0	0	0
1057	1042	기획	대극장	2023.12.19 14시	2024 예울마루 신년음악회	0	0	0	0	0	0	0	0	0	0	0	0	0	0
1056	1041	대관	소극장	2023.12.07 01시	여수하트오케스트라 지역아동센터 다문화가정 청소년음악회	0	0	0	0	0	0	0	0	0	0	0	0	0	0
1055	1040	대관	소극장	2023.12.05 01시	제9회 지역예술인재 콘서트 '네꿈에날개를'	0	0	0	0	0	0	0	0	0	0	0	0	0	0
1053	1039	대관	소극장	01시	클라라의 크리스마스 여행	0	0	0	0	0	0	0	0	0	0	0	0	0	0
1052	1038	대관	대극장	01시	여수전남교원오케스라 제15회 기념 정기연주회	0	0	0	0	0	0	0	0	0	0	0	0	0	0
1051	1037	대관	대극장	2023.11.23 01시	제48회 한국음악협회 여수지부 정기연주회	0	0	0	0	0	0	0	0	0	0	0	0	0	0
1050	1036	대관	대극장	2023.11.23 01시	환경음악제(자연과 인간의 공존) 지리산 사계	0	0	0	0	0	0	0	0	0	0	0	0	0	0
1049	1035	대관	대극장	2023.11.22 01시	여수영재교육원 오케스트라 정기연주회	0	0	0	0	0	0	0	0	0	0	0	0	0	0
1048	1034	공동기획	대극장	2023.11.23 01시	홍진호&박현수&조윤성의 <시네마 파라디소>	0	0	0	0	0	0	0	0	0	0	0	0	0	0
1047	1033	공동기획	대극장	2023.11.23 01시	대니 구 크리스마스 콘서트 : HOME	1	0	0	100	0	0	0	0	100	0	0	0	0	0
1046	1032	대관	대극장	2023.11.15 01시	2023년 여수시립예술단 송년음악회 섬섬여수	0	0	0	0	0	0	0	0	0	0	0	0	0	0
1045	1031	대관	소극장	2023.11.14 01시	제8회 2023 여수에코국제음악제_아티스트 시리즈 Ⅱ	0	0	0	0	0	0	0	0	0	0	0	0	0	0
1044	1030	대관	소극장	2023.11.08 01시	클래식 기타 듀오 폴리포니 갈라콘서트	0	0	0	0	0	0	0	0	0	0	0	0	0	0
1043	1029	대관	대극장	2023.11.08 01시	제20회 여수 YWCA 혼성합창단 정기연주회	0	0	0	0	0	0	0	0	0	0	0	0	0	0
1042	1028	대관	대극장	2023.11.08 01시	전남동부극동방송 여성합창단 제3회 정기연주회	0	0	0	0	0	0	0	0	0	0	0	0	0	0
1041	1027	대관	소극장	2023.11.08 01시	제8회 애양청소년오케스트라 from 정기연주회	0	0	0	0	0	0	0	0	0	0	0	0	0	0
1040	1026	기획	소극장	2023.11.02 13시	2023 지역예술인페스티벌	0	0	0	0	0	0	0	0	0	0	0	0	0	0
1039	1025	기획	소극장	2023.11.03 01시	연극 <옥탑방 고양이>	0	0	0	0	0	0	0	0	0	0	0	0	0	0
1038	1024	대관	대극장	01시	제9회 여수학생오케스트라 페스티벌	0	0	0	0	0	0	0	0	0	0	0	0	0	0
1037	1023	대관	대극장	2023.10.24 01시	2023. 제10회 전남학교예술페스티벌	2	0	0	50	50	0	0	0	0	100	0	0	0	0
1036	1022	대관	소극장	2023.10.24 01시	파파스중창단 10주년 기념연주회	0	0	0	0	0	0	0	0	0	0	0	0	0	0
1035	1021	대관	소극장	2023.10.19 01시	여수시민오케스트라 제7회 정기연주회	0	0	0	0	0	0	0	0	0	0	0	0	0	0
1034	1020	대관	대극장	2023.10.16 01시	송승환의 오리지널［난타］- 여수	0	0	0	0	0	0	0	0	0	0	0	0	0	0
1033	1019	대관	소극장	2023.10.17 01시	PROJECT OCTET STRING ENSEMBLE	0	0	0	0	0	0	0	0	0	0	0	0	0	0
1032	1018	기획	대극장	2023.10.18 14시	브런치콘서트 'Christmas Classic'	0	0	0	0	0	0	0	0	0	0	0	0	0	0
1031	1017	대관	대극장	2023.10.13 01시	제 12회 한독국제교류유진청소년정기연주회	0	0	0	0	0	0	0	0	0	0	0	0	0	0
1030	1016	대관	대극장	2023.10.13 01시	손양원목사순교73주년기념콘서트	0	0	0	0	0	0	0	0	0	0	0	0	0	0
1029	1015	대관	소극장	2023.10.13 01시	CJ도너스캠프와 전라남도교육청이 함께하는 창의학교 전남 졸업무대	0	0	0	0	0	0	0	0	0	0	0	0	0	0
1028	1014	대관	소극장	2023.10.13 01시	주현주 네 번째 소리판 춘향가 2 - 節槪	0	0	0	0	0	0	0	0	0	0	0	0	0	0
1026	1013	대관	소극장	2023.10.10 01시	Re: 本[리:본]-딸과 함께 듣고 싶은 감성콘서트	0	0	0	0	0	0	0	0	0	0	0	0	0	0
1025	1012	공동기획	대극장	2023.10.05 01시	세종솔로이스츠와 이안보스트리지의 <일뤼미나시옹>	0	0	0	0	0	0	0	0	0	0	0	0	0	0
1024	1011	대관	대극장	01시	여수시립국악단 제43회 정기공연 '조우'	0	0	0	0	0	0	0	0	0	0	0	0	0	0
1023	1010	대관	대극장	2023.09.27 01시	[상주단체]여순1019 창작오페라 바다에 핀 동백	0	0	0	0	0	0	0	0	0	0	0	0	0	0
1022	1009	기획	기타	01시	2023 예울마루 야외콘서트	0	0	0	0	0	0	0	0	0	0	0	0	0	0
1021	1008	기획	소극장	2023.09.22 01시	뮤지컬 <포파이> - 여수	0	0	0	0	0	0	0	0	0	0	0	0	0	0
1020	1007	대관	대극장	2023.09.20 01시	제47회 여수예술제	0	0	0	0	0	0	0	0	0	0	0	0	0	0
1019	1006	기획	대극장	2023.10.06 01시	이머시브 SF 가족 뮤지컬 <그래비티 스페이스>	0	0	0	0	0	0	0	0	0	0	0	0	0	0
1018	1005	대관	소극장	2023.09.19 01시	가을밤의세레나데	0	0	0	0	0	0	0	0	0	0	0	0	0	0
1017	1004	대관	소극장	2023.09.19 01시	첼리스트 서지수의 TANGO WITH ME	0	0	0	0	0	0	0	0	0	0	0	0	0	0
1016	1003	대관	대극장	2023.09.19 01시	2023 이승환 콘서트 〈이상한 이승환〉 - 여수	0	0	0	0	0	0	0	0	0	0	0	0	0	0
1014	1002	대관	대극장	2023.09.12 01시	2023여수재즈페스티벌	0	0	0	0	0	0	0	0	0	0	0	0	0	0
1013	1001	대관	대극장	2023.09.07 01시	JOY OF PERCUSSION 제7회 정기연주회	0	0	0	0	0	0	0	0	0	0	0	0	0	0
1012	1000	대관	대극장	2023.09.07 01시	가족뮤지컬 고고다이노 고고킹의 귀환	0	0	0	0	0	0	0	0	0	0	0	0	0	0
1011	999	대관	대극장	2023.09.06 01시	여수필하모닉오케스트라 제35회 정기연주회	0	0	0	0	0	0	0	0	0	0	0	0	0	0
1010	998	기획	대극장	2023.09.08 01시	선우예권 피아노 리사이틀	0	0	0	0	0	0	0	0	0	0	0	0	0	0
1009	997	대관	소극장	2023.09.06 01시	Y-BRASS 제3회 정기연주회	0	0	0	0	0	0	0	0	0	0	0	0	0	0
1008	996	공동기획	대극장	2023.09.07 01시	뮤지컬 <맘마미아> - 여수	0	0	0	0	0	0	0	0	0	0	0	0	0	0
1007	995	대관	소극장	2023.08.23 01시	건반과 현의 조화, 트라움 실내악 콘서트	0	0	0	0	0	0	0	0	0	0	0	0	0	0
1006	994	대관	소극장	2023.08.23 01시	바이올리니스트 서주희 피아니스트 김동준 듀오 콘서트	0	0	0	0	0	0	0	0	0	0	0	0	0	0
1005	993	대관	소극장	2023.08.17 01시	세상에서 가장 작은 오케스트라	0	0	0	0	0	0	0	0	0	0	0	0	0	0
1004	992	기획	소극장	2023.08.17 01시	양성원&엔리코파체 듀오 리사이틀	1	0	0	0	0	100	0	0	0	100	0	0	0	0
1003	991	대관	대극장	2023.08.10 01시	‘바리톤 이중현의 여수! 그리고 1948 그날의 노래’	0	0	0	0	0	0	0	0	0	0	0	0	0	0
1002	990	대관	대극장	2023.08.08 14시	KBS교향악단과 함께하는 제7회 여수음악제 폐막연주회 - Music Exhibition	0	0	0	0	0	0	0	0	0	0	0	0	0	0
1001	989	대관	소극장	2023.08.08 14시	KBS교향악단과 함께하는 제7회 여수음악제 실내악 시리즈 3 - Quartet FINALLY의 ‘황제’	0	0	0	0	0	0	0	0	0	0	0	0	0	0
1000	988	대관	소극장	2023.08.08 14시	KBS교향악단과 함께하는 제7회 여수음악제 실내악 시리즈 2 - 테너 존노의 ‘그리움’	0	0	0	0	0	0	0	0	0	0	0	0	0	0
999	987	대관	소극장	2023.08.08 14시	KBS교향악단과 함께하는 제7회 여수음악제 실내악 시리즈 1 - 색소포니스트 브랜든 최의 ‘Golden Night’	0	0	0	0	0	0	0	0	0	0	0	0	0	0
998	986	대관	대극장	2023.08.08 14시	KBS교향악단과 함께하는 제7회 여수음악제 특별연주회 - 정트리오 ‘세기의 거장들’	0	0	0	0	0	0	0	0	0	0	0	0	0	0
997	985	대관	대극장	2023.08.08 14시	KBS교향악단과 함께하는 제7회 여수음악제 개막연주회 - 정명훈의 ‘브루크너’	0	0	0	0	0	0	0	0	0	0	0	0	0	0
996	984	대관	대극장	2023.08.07 02시	2023 이승철 전국투어 콘서트: RETRO Night - 여수	0	0	0	0	0	0	0	0	0	0	0	0	0	0
995	983	대관	소극장	2023.07.28 01시	CHEER UP! 청춘 FIRST SERIES SPARKULOUS	0	0	0	0	0	0	0	0	0	0	0	0	0	0
994	982	대관	소극장	2023.07.28 01시	류희윤 바이올린 독주회	0	0	0	0	0	0	0	0	0	0	0	0	0	0
993	981	대관	대극장	2023.07.26 01시	CTS전남방송 개국 19주년 기념 감사콘서트	0	0	0	0	0	0	0	0	0	0	0	0	0	0
992	980	기획	대극장	2023.07.27 13시	2023 예울마루 실내악 페스티벌	1	0	0	0	0	100	0	0	0	0	0	0	0	100
991	979	대관	대극장	2023.08.31 01시	해설이 있는 오페라 갈라콘서트 '리골레토'	0	0	0	0	0	0	0	0	0	0	0	0	0	0
990	978	대관	대극장	2023.07.11 01시	신카이 마코토 영화음악 콘서트－여수	0	0	0	0	0	0	0	0	0	0	0	0	0	0
989	977	대관	소극장	2023.07.01 01시	WALD 오케스트라와 함께하는 청소년 유망신예 협연의 밤	0	0	0	0	0	0	0	0	0	0	0	0	0	0
988	976	기획	대극장	2023.07.07 14시	브런치콘서트 <미술 속 음악 이야기 - 고흐 vs 고갱>	1	0	0	100	0	0	0	0	100	0	0	0	0	0
987	975	대관	대극장	2023.06.29 02시	히사이시 조 영화음악 콘서트 2023_여수 앙코르	0	0	0	0	0	0	0	0	0	0	0	0	0	0
986	974	대관	소극장	2023.06.23 01시	제4회 가야금 앙상블 뜰연 정기연주회 더하다 + ADd	0	0	0	0	0	0	0	0	0	0	0	0	0	0
985	973	대관	소극장	2023.06.15 01시	제4회 위드유앙상블 정기연주회 ROMANCE IN RUSSIAN MUSIC	0	0	0	0	0	0	0	0	0	0	0	0	0	0
984	972	기획	대극장	2023.06.16 14시	헬로!오페라 <마술피리>	0	0	0	0	0	0	0	0	0	0	0	0	0	0
983	971	대관	소극장	2023.06.15 01시	세르게이 도렌스키 메모리얼 콘서트 : 2023 여수	0	0	0	0	0	0	0	0	0	0	0	0	0	0
982	970	기획	대극장	2023.06.30 13시	가족뮤지컬 <이상한 엄마> - 여수	0	0	0	0	0	0	0	0	0	0	0	0	0	0
981	969	기획	소극장	2023.06.29 14시	연극 <서교동에서 죽다> - 여수	2	0	0	0	0	100	0	0	0	100	0	0	0	0
980	968	대관	소극장	2023.05.31 09시	강금화 피아노 독주회	0	0	0	0	0	0	0	0	0	0	0	0	0	0
979	967	대관	소극장	2023.05.24 01시	제1회 류가연 가야금 독주회	0	0	0	0	0	0	0	0	0	0	0	0	0	0
978	966	대관	대극장	2023.05.23 02시	NEW 뮤지컬 미니특공대 브이레인저스 - 여수	0	0	0	0	0	0	0	0	0	0	0	0	0	0
977	965	대관	대극장	2023.05.23 10시	2023 제8회 여수에코국제음악제 6/18	0	0	0	0	0	0	0	0	0	0	0	0	0	0
976	964	대관	대극장	2023.05.23 10시	2023 제8회 여수에코국제음악제 6/17	0	0	0	0	0	0	0	0	0	0	0	0	0	0
975	963	대관	대극장	2023.05.23 10시	2023 제8회 여수에코국제음악제 6/16	0	0	0	0	0	0	0	0	0	0	0	0	0	0
974	962	대관	소극장	2023.05.23 10시	2023 제8회 여수에코국제음악제 6/15	0	0	0	0	0	0	0	0	0	0	0	0	0	0
973	961	대관	대극장	2023.05.11 01시	더비기닝 제9회 여수클래식영재육성을위한음악회	0	0	0	0	0	0	0	0	0	0	0	0	0	0
972	960	대관	소극장	2023.05.17 01시	이음 스트링 챔버 오케스트라 제4회 정기연주회 낭만을 꽃피우다	0	0	0	0	0	0	0	0	0	0	0	0	0	0
971	959	대관	소극장	2023.05.17 01시	뮤직스토리 인 앙상블여수	0	0	0	0	0	0	0	0	0	0	0	0	0	0
970	958	기획	대극장	2023.04.27 15시	국립발레단 <지젤> - 여수	1	100	0	0	0	0	0	0	100	0	0	0	0	0
969	957	대관	대극장	2023.04.20 01시	[공연장상주단체]제12회 정기연주회 낭만주의 거장 차이코프스키&드보르작	0	0	0	0	0	0	0	0	0	0	0	0	0	0
968	956	기획	대극장	2023.04.20 14시	브런치콘서트 'OST Classic'	0	0	0	0	0	0	0	0	0	0	0	0	0	0
967	955	대관	대극장	2023.04.19 01시	김수연 명창과 함께하는 효 큰잔치	0	0	0	0	0	0	0	0	0	0	0	0	0	0
966	954	대관	소극장	2023.04.19 01시	흥보, 그 삶의 무게와 꿈	0	0	0	0	0	0	0	0	0	0	0	0	0	0
965	953	대관	대극장	2023.04.11 01시	여수시립합창단 제83회 정기연주회 봄내음 가득 오페라 속으로	0	0	0	0	0	0	0	0	0	0	0	0	0	0
964	952	기획	대극장	2023.04.06 16시	집중력 향상을 위한 <실험실 콘서트>	1	0	0	0	0	0	0	100	100	0	0	0	0	0
963	951	대관	소극장	2023.03.28 01시	한국음악협회 여수지부 신춘음악회	0	0	0	0	0	0	0	0	0	0	0	0	0	0
962	950	대관	대극장	2023.03.28 02시	뮤지컬 〈여신님이 보고 계셔〉 10th Anniversary - 여수	0	0	0	0	0	0	0	0	0	0	0	0	0	0
961	949	대관	대극장	2023.03.23 14시	2023 조항조&진성 앙상블콘서트	0	0	0	0	0	0	0	0	0	0	0	0	0	0
960	948	대관	소극장	2023.03.18 01시	한치윤&김꽃비 듀오리사이틀	0	0	0	0	0	0	0	0	0	0	0	0	0	0
959	947	대관	대극장	2023.03.17 01시	여수시 개항 100주년 기념 뮤지컬 1598 여수밤바다	0	0	0	0	0	0	0	0	0	0	0	0	0	0
958	946	대관	대극장	2023.03.09 01시	열린심포니오케스트라 제 18회 정기연주회	0	0	0	0	0	0	0	0	0	0	0	0	0	0
957	945	대관	소극장	2023.03.07 01시	바이올리니스트 서주희와 함께하는 제1회 여수 영아티스트 연주회	0	0	0	0	0	0	0	0	0	0	0	0	0	0
956	944	대관	대극장	2023.03.03 01시	EBS 최고다 호기심 딱지	0	0	0	0	0	0	0	0	0	0	0	0	0	0
955	943	대관	소극장	2023.02.14 01시	프란츠 리스트에게의 헌정 :이별 홍은혜 피아노 독주회	0	0	0	0	0	0	0	0	0	0	0	0	0	0
954	942	대관	대극장	2023.02.10 01시	시크릿쥬쥬 별의여신 뮤지컬 시즌3_마지막 콘서트	0	0	0	0	0	0	0	0	0	0	0	0	0	0
953	941	기획	대극장	2023.02.14 14시	브런치콘서트 〈미술 속 음악 이야기-프리다칼로, 자클린 뒤 프레를 만나다〉	0	0	0	0	0	0	0	0	0	0	0	0	0	0
952	940	대관	소극장	2023.02.09 01시	한세페다고지 연구회와 함께하는 콩쿠르 릴레이 콘서트	0	0	0	0	0	0	0	0	0	0	0	0	0	0
951	939	대관	대극장	2023.02.17 02시	2023 김창옥 토크 콘서트_여수	0	0	0	0	0	0	0	0	0	0	0	0	0	0
950	938	대관	대극장	2023.02.01 01시	2023 남진 60주년 콘서트 - 여수	0	0	0	0	0	0	0	0	0	0	0	0	0	0
949	937	대관	소극장	2023.02.01 01시	2023 여수오케스트라 정기연주회	0	0	0	0	0	0	0	0	0	0	0	0	0	0
948	936	기획	대극장	2023.02.06 11시	뮤지컬 <장수탕 선녀님> - 여수	0	0	0	0	0	0	0	0	0	0	0	0	0	0
947	935	대관	대극장	2023.01.20 09시	2023 이은미 여수 콘서트 녹턴	0	0	0	0	0	0	0	0	0	0	0	0	0	0
946	934	대관	소극장	2023.02.01 01시	제6회 청소년 플루트 앙상블 정기연주회	0	0	0	0	0	0	0	0	0	0	0	0	0	0
945	933	공동기획	대극장	2023.01.19 11시	뮤지컬 <브로드웨이 42번가> - 여수	0	0	0	0	0	0	0	0	0	0	0	0	0	0
944	932	대관	대극장	2023.01.13 01시	제3회 전남동부극동방송 어린이합창단 정기연주회	0	0	0	0	0	0	0	0	0	0	0	0	0	0
943	931	대관	대극장	2023.01.12 01시	히사이시 조 영화음악 콘서트	0	0	0	0	0	0	0	0	0	0	0	0	0	0
942	930	대관	대극장	2022.12.30 11시	뮤지컬 알사탕	0	0	0	0	0	0	0	0	0	0	0	0	0	0
941	929	대관	소극장	2022.12.20 01시	박성언의 음악식당 연말콘서트	1	0	0	0	100	0	0	0	0	0	100	0	0	0
940	928	대관	대극장	2022.12.16 01시	2022 여수시립예술단 송년음악회	0	0	0	0	0	0	0	0	0	0	0	0	0	0
939	927	대관	대극장	2022.12.12 09시	하모나이즈 콘서트 The SHOWCHOIR - 여수	0	0	0	0	0	0	0	0	0	0	0	0	0	0
938	926	대관	대극장	2022.12.14 09시	가족오페라 '신콩쥐'	0	0	0	0	0	0	0	0	0	0	0	0	0	0
937	925	기획	대극장	2022.12.01 10시	2023 예울마루 신년음악회	0	0	0	0	0	0	0	0	0	0	0	0	0	0
936	924	대관	대극장	2022.11.24 01시	THE BEGINNING 제8회 여수클래식 영재육성을 위한 음악회	0	0	0	0	0	0	0	0	0	0	0	0	0	0
935	923	대관	대극장	2022.11.24 01시	섬&사람 마음을 잇다	0	0	0	0	0	0	0	0	0	0	0	0	0	0
934	922	대관	소극장	2022.11.18 01시	신혜미 가야금 독주회	0	0	0	0	0	0	0	0	0	0	0	0	0	0
933	921	대관	대극장	2022.11.17 01시	교원교향악단 제14회 정기연주회	0	0	0	0	0	0	0	0	0	0	0	0	0	0
932	920	대관	소극장	2022.11.17 01시	야망춘향	0	0	0	0	0	0	0	0	0	0	0	0	0	0
931	919	대관	대극장	2022.11.10 01시	제47회 한국음악협회 정기연주회	0	0	0	0	0	0	0	0	0	0	0	0	0	0
930	918	대관	대극장	2022.11.09 01시	여수 영재교육원 오케스트라 정기연주회 클래식 그리고 GAME ON	0	0	0	0	0	0	0	0	0	0	0	0	0	0
929	917	대관	대극장	2022.11.15 01시	김현철의 유쾌한 오케스트라	0	0	0	0	0	0	0	0	0	0	0	0	0	0
928	916	대관	대극장	2022.11.17 01시	전남CTS개국18주년 가을음악회	0	0	0	0	0	0	0	0	0	0	0	0	0	0
927	915	대관	대극장	2022.11.04 01시	손양원목사순교72주년 The 사랑 concert 현진영 조성모	0	0	0	0	0	0	0	0	0	0	0	0	0	0
926	914	대관	대극장	2022.11.24 01시	소프라노 조미숙 독창회	0	0	0	0	0	0	0	0	0	0	0	0	0	0
925	913	공동기획	대극장	2022.11.10 11시	크리스마스 재즈 나잇 CHRISTMAS JAZZ NIGHT - 여수	0	0	0	0	0	0	0	0	0	0	0	0	0	0
924	912	공동기획	소극장	2022.11.10 11시	국민연극 「라이어2탄 : 그후20년」 - 여수	0	0	0	0	0	0	0	0	0	0	0	0	0	0
923	911	대관	대극장	2022.11.01 01시	여수시립합창단 제81회 정기연주회 하이든 천지창조	0	0	0	0	0	0	0	0	0	0	0	0	0	0
921	910	대관	소극장	2022.10.26 01시	CY오케스트라 제2회 정기연주회	0	0	0	0	0	0	0	0	0	0	0	0	0	0
920	909	대관	소극장	2022.10.25 01시	전남 CBS 가족과 함께하는 감사잔치 바리톤 고성현 콘서트	0	0	0	0	0	0	0	0	0	0	0	0	0	0
919	908	대관	소극장	2022.10.21 01시	여수필하모닉오케스트라 제34회 정기연주회 송년음악회 실내악시리즈 Ⅲ(일정변경)	0	0	0	0	0	0	0	0	0	0	0	0	0	0
918	907	대관	대극장	2022.10.18 01시	JOY OF PERCUSSION 꿈다락 4회 정기연주회	0	0	0	0	0	0	0	0	0	0	0	0	0	0
917	906	대관	대극장	2022.10.18 01시	여수시립국악단 제41회 정기공연 월하	0	0	0	0	0	0	0	0	0	0	0	0	0	0
916	905	대관	소극장	2022.10.13 01시	김선미 waa 판 세번째 여류지화	0	0	0	0	0	0	0	0	0	0	0	0	0	0
915	904	기획	대극장	2022.10.14 12시	브런치콘서트 <크리스마스 첼로의 성가>	0	0	0	0	0	0	0	0	0	0	0	0	0	0
914	903	기획	소극장	2022.10.13 10시	뮤지컬 〈포파이〉 - 여수	0	0	0	0	0	0	0	0	0	0	0	0	0	0
913	902	공동기획	대극장	2022.10.12 14시	뮤지컬 〈킹키부츠〉 - 여수	76	10.52	32.91	32.89	21.05	2.63	0	0	47.38	17.1	11.84	0	5.26	18.42
912	901	대관	대극장	2022.10.13 02시	심포니 오브 메이플 스토리	0	0	0	0	0	0	0	0	0	0	0	0	0	0
911	900	대관	대극장	2022.09.29 01시	그레이트 서울 인베이전 전국투어 콘서트 - 여수	0	0	0	0	0	0	0	0	0	0	0	0	0	0
910	899	대관	대극장	2022.09.28 01시	YB TOUR LIGHTS - 여수	0	0	0	0	0	0	0	0	0	0	0	0	0	0
909	898	대관	대극장	2022.10.05 04시	히사이시조 영화음악 콘서트	0	0	0	0	0	0	0	0	0	0	0	0	0	0
908	897	대관	대극장	2022.09.27 01시	1948 침묵	0	0	0	0	0	0	0	0	0	0	0	0	0	0
907	896	대관	소극장	2022.09.27 01시	한국음악협회 여수지부 가을밤의세레나데	0	0	0	0	0	0	0	0	0	0	0	0	0	0
906	895	대관	대극장	2022.09.23 01시	제11회 유진오케스트라 정기연주회	0	0	0	0	0	0	0	0	0	0	0	0	0	0
905	894	대관	소극장	2022.09.21 01시	쉼표 잠시 쉬었다 가도 괜찮아	0	0	0	0	0	0	0	0	0	0	0	0	0	0
904	893	대관	대극장	2022.09.20 01시	제46회 여수예술제	0	0	0	0	0	0	0	0	0	0	0	0	0	0
903	892	대관	소극장	2022.09.20 01시	제2회 플루트인 정기연주회	0	0	0	0	0	0	0	0	0	0	0	0	0	0
902	891	대관	소극장	2022.09.06 01시	소프라노 박준영 창작가곡 리사이틀 <순수>	0	0	0	0	0	0	0	0	0	0	0	0	0	0
901	890	대관	소극장	2022.09.02 01시	IYAGI 퓨전공연 출두요!	0	0	0	0	0	0	0	0	0	0	0	0	0	0
900	889	대관	대극장	2022.08.26 11시	2022 최현우 〈THE BRAIN〉 - 여수	0	0	0	0	0	0	0	0	0	0	0	0	0	0
899	888	기획	기타	2022.09.01 14시	예울마루 개관 10주년 기념 〈G 페스티벌〉	0	0	0	0	0	0	0	0	0	0	0	0	0	0
898	887	기획	기타	2022.09.01 13시	GS칼텍스 예울마루 개관 10주년 기념 프린지 콘서트 및 야외 영화제	0	0	0	0	0	0	0	0	0	0	0	0	0	0
897	886	기획	대극장	2022.08.30 14시	GS칼텍스 예울마루 개관 10주년 기념 음악회	0	0	0	0	0	0	0	0	0	0	0	0	0	0
896	885	기획	기타	2022.09.01 13시	GS칼텍스 예울마루 개관 10주년 기념 G콘서트	0	0	0	0	0	0	0	0	0	0	0	0	0	0
895	884	기획	대극장	2022.08.17 10시	연극〈갈매기〉 - 여수	0	0	0	0	0	0	0	0	0	0	0	0	0	0
894	883	기획	대극장	2022.08.10 09시	양성원&엔리코 파체 듀오 리사이틀 - 여수	1	0	0	0	0	100	0	0	0	100	0	0	0	0
893	882	대관	소극장	2022.08.09 14시	KBS교향악단과 함께하는 제6회 여수음악제 체임버연주회 3 With 반도네오니스트 고상지	0	0	0	0	0	0	0	0	0	0	0	0	0	0
892	881	대관	대극장	2022.08.09 14시	KBS교향악단과 함께하는 제6회 여수음악제 특별연주회 2 - 드라마 속 클래식	0	0	0	0	0	0	0	0	0	0	0	0	0	0
891	880	대관	소극장	2022.08.09 14시	KBS교향악단과 함께하는 제6회 여수음악제 체임버연주회 2 With 하모니시스트 박종성	0	0	0	0	0	0	0	0	0	0	0	0	0	0
890	879	대관	소극장	2022.08.09 14시	KBS교향악단과 함께하는 제6회 여수음악제 체임버연주회 1 With 기타리스트 박규희	0	0	0	0	0	0	0	0	0	0	0	0	0	0
889	878	대관	대극장	2022.08.09 14시	KBS교향악단과 함께하는 제6회 여수음악제 특별연주회 1 - 피아니스트 손민수 ‘초절기교’	0	0	0	0	0	0	0	0	0	0	0	0	0	0
888	877	대관	대극장	2022.08.12 14시	2022남도국제음악제	0	0	0	0	0	0	0	0	0	0	0	0	0	0
887	876	대관	대극장	2022.08.09 14시	KBS교향악단과 함께하는 제6회 여수음악제 개막연주회 - 정명훈의 ‘오르간’ 심포니	0	0	0	0	0	0	0	0	0	0	0	0	0	0
886	875	대관	대극장	2022.08.09 14시	KBS교향악단과 함께하는 제6회 여수음악제 폐막연주회 - 여섯 번째 '결실'	0	0	0	0	0	0	0	0	0	0	0	0	0	0
885	874	대관	대극장	2022.08.06 01시	해설이 있는 오페라 부파 갈라 콘서트	0	0	0	0	0	0	0	0	0	0	0	0	0	0
884	873	대관	소극장	2022.08.06 01시	제3회 가야금앙상블 뜰연 너울을 거닐다	0	0	0	0	0	0	0	0	0	0	0	0	0	0
883	872	기획	대극장	2022.08.09 11시	2022 예울마루 실내악페스티벌	0	0	0	0	0	0	0	0	0	0	0	0	0	0
882	871	대관	대극장	2022.08.11 01시	7th 2022 여수 ECO 국제음악제(8/28)	0	0	0	0	0	0	0	0	0	0	0	0	0	0
881	870	대관	대극장	2022.08.11 01시	7th 2022 여수 ECO 국제음악제(8/26)	0	0	0	0	0	0	0	0	0	0	0	0	0	0
880	869	대관	대극장	2022.08.11 01시	7th 2022 여수 ECO 국제음악제(8/25)	0	0	0	0	0	0	0	0	0	0	0	0	0	0
879	868	대관	소극장	2022.08.11 01시	7th 2022 여수 ECO 국제음악제(8/24)	0	0	0	0	0	0	0	0	0	0	0	0	0	0
878	867	대관	대극장	2022.08.01 01시	헤럴드경제.남도일보 가을콘서트 “The Magic” - 여수	0	0	0	0	0	0	0	0	0	0	0	0	0	0
877	866	기획	대극장	2022.07.28 11시	국립발레단 전막 발레〈백조의 호수〉 - 여수	0	0	0	0	0	0	0	0	0	0	0	0	0	0
876	865	공동기획	대극장	2022.07.12 10시	뮤지컬쇼 〈핑크퐁과 아기상어의 월드투어쇼〉- 여수	1	0	0	100	0	0	0	0	0	0	0	0	0	100
875	864	기획	대극장	2022.07.14 10시	브런치콘서트 <빈센트 반 고흐, 그리고 클래식>	0	0	0	0	0	0	0	0	0	0	0	0	0	0
874	863	기획	대극장	2022.07.08 08시	예매 테스트 상품	0	0	0	0	0	0	0	0	0	0	0	0	0	0
873	862	대관	대극장	2022.07.04 11시	뮤지컬 헬로카봇 시즌6_흔들흔들 댄스파티	0	0	0	0	0	0	0	0	0	0	0	0	0	0
872	861	대관	소극장	2022.07.01 01시	바로크를 추앙하다	0	0	0	0	0	0	0	0	0	0	0	0	0	0
871	860	대관	대극장	2022.06.29 01시	영원한 현재 (서진아 피아노 독주회)	0	0	0	0	0	0	0	0	0	0	0	0	0	0
870	859	기획	대극장	2022.06.23 13시	헬로!오페라〈사랑의 묘약〉 - 여수	0	0	0	0	0	0	0	0	0	0	0	0	0	0
869	858	대관	대극장	2022.06.21 01시	Summer Festival 맛있는 클래식	0	0	0	0	0	0	0	0	0	0	0	0	0	0
868	857	기획	소극장	2022.06.16 13시	가족뮤지컬 〈캔터빌의 유령〉 - 여수	0	0	0	0	0	0	0	0	0	0	0	0	0	0
867	856	기획	대극장	2022.05.31 10시	이머시브 가족뮤지컬 〈알피〉 - 여수	0	0	0	0	0	0	0	0	0	0	0	0	0	0
866	855	대관	소극장	2022.05.27 01시	트리오제이 제4회 정기연주회	0	0	0	0	0	0	0	0	0	0	0	0	0	0
865	854	대관	대극장	2022.05.27 09시	2022 이승환 콘서트 〈당신이 원하는 바로 그 콘서트〉 - 여수	0	0	0	0	0	0	0	0	0	0	0	0	0	0
864	853	대관	소극장	2022.05.25 01시	앙상블여수 정기연주회 '위로와 평화'	0	0	0	0	0	0	0	0	0	0	0	0	0	0
863	852	대관	소극장	2022.05.20 01시	오예스유 시리즈 모인콰르텟 제1회 정기연주회	0	0	0	0	0	0	0	0	0	0	0	0	0	0
862	851	기획	대극장	2022.05.19 10시	와이즈발레단 〈VITA〉 - 여수	0	0	0	0	0	0	0	0	0	0	0	0	0	0
861	850	대관	소극장	2022.05.18 01시	이음스트링챔버오케스트라 제3회 정기연주회 Bohemian Romance	0	0	0	0	0	0	0	0	0	0	0	0	0	0
860	849	공동기획	대극장	2022.06.02 10시	뮤지컬 지킬앤하이드 (Jekyll＆Hyde) - 여수	1	0	0	0	100	0	0	0	100	0	0	0	0	0
859	848	기획	대극장	2022.05.04 10시	2022 코리안챔버오케스트라 연주회	0	0	0	0	0	0	0	0	0	0	0	0	0	0
858	847	대관	대극장	2022.05.03 14시	이은결 MAGIC&ILLUSION	0	0	0	0	0	0	0	0	0	0	0	0	0	0
857	846	대관	대극장	2022.04.28 01시	여수시립합창단 제80회 정기연주회 오월이 전하는 꽃비	0	0	0	0	0	0	0	0	0	0	0	0	0	0
856	845	기획	대극장	2022.04.19 10시	브런치콘서트〈쇼팽으로 만나는 디즈니〉	0	0	0	0	0	0	0	0	0	0	0	0	0	0
855	844	대관	대극장	2022.04.12 01시	제11회 정기연주회 거장의 울림	0	0	0	0	0	0	0	0	0	0	0	0	0	0
854	843	대관	대극장	2022.04.12 01시	다시 봄... 그대와 희망을 꿈꾸며	0	0	0	0	0	0	0	0	0	0	0	0	0	0
853	842	기획	대극장	2022.04.07 10시	조재혁 쇼팽 음반발매 기념 리사이틀	0	0	0	0	0	0	0	0	0	0	0	0	0	0
852	841	대관	대극장	2022.04.06 01시	2022 여수오케스트라 기획연주	0	0	0	0	0	0	0	0	0	0	0	0	0	0
851	840	대관	소극장	2022.03.29 01시	한국음악협회 여수지부 신춘음악회	0	0	0	0	0	0	0	0	0	0	0	0	0	0
850	839	대관	대극장	2022.03.25 01시	2022 theatre 이문세콘서트 여수	0	0	0	0	0	0	0	0	0	0	0	0	0	0
849	838	대관	대극장	01시	열린심포니오케스트라 제 17회 정기연주회	0	0	0	0	0	0	0	0	0	0	0	0	0	0
848	837	대관	소극장	01시	'가곡연주회-세미나콘서트' 이탈리아를 Let's SING!	0	0	0	0	0	0	0	0	0	0	0	0	0	0
847	836	대관	대극장	01시	2022 Joy Of Percussion 제 3회 정기연주회	0	0	0	0	0	0	0	0	0	0	0	0	0	0
846	835	대관	대극장	01시	미디어아트 X VRI String Quartet의 환경메시지 SAVE THE PLANET	0	0	0	0	0	0	0	0	0	0	0	0	0	0
845	834	대관	소극장	2022.02.16 01시	클래식 음악 여행	0	0	0	0	0	0	0	0	0	0	0	0	0	0
844	833	공동기획	대극장	2022.02.17 10시	뮤지컬 〈레베카〉 - 여수	2	0	50	0	0	50	0	0	0	0	50	0	0	50
843	832	기획	대극장	2022.02.04 10시	브런치콘서트〈엔니오 모리꼬네를 위하여〉	0	0	0	0	0	0	0	0	0	0	0	0	0	0
842	831	대관	대극장	2022.01.15 01시	신비아파트 뮤지컬 시즌5：감염된 도시의 비밀	0	0	0	0	0	0	0	0	0	0	0	0	0	0
841	830	대관	대극장	2022.01.12 01시	연극<친정엄마와 2박3일>	0	0	0	0	0	0	0	0	0	0	0	0	0	0
840	829	대관	소극장	2022.01.11 01시	유세형 피아노 독주회	0	0	0	0	0	0	0	0	0	0	0	0	0	0
839	828	공동기획	대극장	2022.01.13 10시	연극 <더 드레서>	0	0	0	0	0	0	0	0	0	0	0	0	0	0
838	827	대관	소극장	2022.01.05 01시	연희판놀음 <상생의 비나리>	0	0	0	0	0	0	0	0	0	0	0	0	0	0
837	826	대관	대극장	01시	클래식산책 해설이 있는 오페라 갈라콘서트 < CARMEN >	0	0	0	0	0	0	0	0	0	0	0	0	0	0
836	825	대관	소극장	01시	Wald 오케스트라와 함께하는 유진 청소년 유망신예 협연의 밤	0	0	0	0	0	0	0	0	0	0	0	0	0	0
835	824	대관	대극장	2021.12.22 09시	쇼콰이어그룹 하모나이즈의 해피홀릭 콘서트	0	0	0	0	0	0	0	0	0	0	0	0	0	0
834	823	대관	대극장	2021.12.09 01시	뮤지컬 번개맨 : 검은 번개맨의 정체는?	1	0	0	100	0	0	0	0	100	0	0	0	0	0
833	822	대관	대극장	2021.12.09 01시	2022 김창옥 토크콘서트 시즌 2	0	0	0	0	0	0	0	0	0	0	0	0	0	0
832	821	대관	대극장	2021.12.09 18시	임현정의 바흐 렉쳐콘서트	0	0	0	0	0	0	0	0	0	0	0	0	0	0
831	820	대관	대극장	2021.12.09 01시	어린이 가족 뮤지컬 <신데렐라>	0	0	0	0	0	0	0	0	0	0	0	0	0	0
830	819	대관	대극장	01시	The BEGINNING 제 8회 여수클래식 영재육성을 위한 음악회	0	0	0	0	0	0	0	0	0	0	0	0	0	0
829	818	대관	대극장	01시	2021 여수영재교육원 예술영재 정기연주회	0	0	0	0	0	0	0	0	0	0	0	0	0	0
828	817	대관	대극장	01시	2021 송년음악회	0	0	0	0	0	0	0	0	0	0	0	0	0	0
827	816	기획	대극장	2021.11.25 10시	2022 예울마루 신년음악회	0	0	0	0	0	0	0	0	0	0	0	0	0	0
826	815	대관	대극장	01시	한국음악협회 여수지부 제 46회 정기연주회	0	0	0	0	0	0	0	0	0	0	0	0	0	0
825	814	대관	대극장	2021.11.01 01시	피아졸라 100주년 퀸텟 내한공연	0	0	0	0	0	0	0	0	0	0	0	0	0	0
824	813	대관	대극장	01시	여수심포니 오케스트라 섬을 노래하다	0	0	0	0	0	0	0	0	0	0	0	0	0	0
823	812	대관	대극장	2021.11.01 02시	2021 남도국제음악제	0	0	0	0	0	0	0	0	0	0	0	0	0	0
822	811	대관	대극장	01시	MODAFE LEGEND STAGE in Yeosu	0	0	0	0	0	0	0	0	0	0	0	0	0	0
821	810	대관	소극장	01시	두 개의 선율, 하나의 울림 허혜정&정기쁨 바이올린 듀오 콘서트	0	0	0	0	0	0	0	0	0	0	0	0	0	0
820	809	대관	대극장	01시	여수교원교향악단 제 13회 정기연주회	0	0	0	0	0	0	0	0	0	0	0	0	0	0
819	808	대관	대극장	01시	여수시립국악단 제 39회 정기공연	0	0	0	0	0	0	0	0	0	0	0	0	0	0
818	807	기획	대극장	2021.11.12 11시	페인터즈-여수	0	0	0	0	0	0	0	0	0	0	0	0	0	0
817	806	대관	소극장	2021.11.11 01시	제 10회 한독음악교류 유진 청소년 오케스트라 연주회	0	0	0	0	0	0	0	0	0	0	0	0	0	0
816	805	대관	소극장	01시	달빛처럼	0	0	0	0	0	0	0	0	0	0	0	0	0	0
815	804	공동기획	소극장	2021.11.04 10시	국민연극 〈라이어3탄 : 튀어!〉 - 여수	1	0	0	0	100	0	0	0	0	100	0	0	0	0
814	803	대관	대극장	01시	2021 전라남도 학교예술교육 페스티벌(비대면 진행)	0	0	0	0	0	0	0	0	0	0	0	0	0	0
813	802	대관	소극장	01시	가야금 앙상블 뜰연 제 2회 정기연주회	0	0	0	0	0	0	0	0	0	0	0	0	0	0
812	801	대관	소극장	01시	루미아플룻콰이어 제 15회 정기연주회 희희락락 씽씽씽	0	0	0	0	0	0	0	0	0	0	0	0	0	0
811	800	공동기획	대극장	2021.10.26 10시	뮤지컬 〈시카고〉	0	0	0	0	0	0	0	0	0	0	0	0	0	0
810	799	대관	소극장	01시	가을밤의 세레나데	0	0	0	0	0	0	0	0	0	0	0	0	0	0
809	798	대관	대극장	01시	제 15회 여수 용문사 산사음악회	0	0	0	0	0	0	0	0	0	0	0	0	0	0
808	797	기획	소극장	2021.10.08 10시	2021 예울마루 실내악페스티벌 〈렉처콘서트〉	0	0	0	0	0	0	0	0	0	0	0	0	0	0
807	796	대관	대극장	01시	손양원 목사 순교 71주기 기념	0	0	0	0	0	0	0	0	0	0	0	0	0	0
806	795	대관	대극장	01시	제 45회 여수예술제 개막공연	0	0	0	0	0	0	0	0	0	0	0	0	0	0
805	794	대관	대극장	2021.10.05 18시	여수시립합창단 제 79회 정기연주회	0	0	0	0	0	0	0	0	0	0	0	0	0	0
804	793	대관	대극장	2021.10.01 01시	여순사건 오페라 1948년 침묵	0	0	0	0	0	0	0	0	0	0	0	0	0	0
803	792	기획	소극장	2021.09.29 10시	2021 지역 예술인 페스티벌<국악>	0	0	0	0	0	0	0	0	0	0	0	0	0	0
802	791	대관	소극장	01시	2021 여수 국제음악제&앙상블	0	0	0	0	0	0	0	0	0	0	0	0	0	0
801	790	대관	대극장	2021.09.24 18시	2021 지역예술인과 세계적거장들의 만남 Wald String Orchestra in Yeosu	0	0	0	0	0	0	0	0	0	0	0	0	0	0
799	789	기획	대극장	2021.09.10 10시	뮤지컬 〈전설의 리틀 농구단〉	0	0	0	0	0	0	0	0	0	0	0	0	0	0
798	788	기획	대극장	2021.09.08 10시	브런치콘서트<북유럽 휘바클래식, 시벨리우스와 그리그>	0	0	0	0	0	0	0	0	0	0	0	0	0	0
797	787	대관	대극장	01시	이춘희 명창과 함께하는 추석맞이 효 공연	0	0	0	0	0	0	0	0	0	0	0	0	0	0
796	786	기획	대극장	2021.08.25 10시	조성진 피아노 리사이틀-여수	1	0	0	100	0	0	0	0	0	100	0	0	0	0
795	785	대관	소극장	01시	김시율의 첫소리, 내드름	0	0	0	0	0	0	0	0	0	0	0	0	0	0
794	784	대관	대극장	2021.08.18 01시	미얀마의 봄, 광주를 만나다.	0	0	0	0	0	0	0	0	0	0	0	0	0	0
792	783	대관	소극장	2021.08.11 01시	서주희 바이올린 독주회 Ⅲ with Fantasy	0	0	0	0	0	0	0	0	0	0	0	0	0	0
791	782	대관	대극장	2021.08.06 16시	2021 여수국제음악제 & 앙상블	0	0	0	0	0	0	0	0	0	0	0	0	0	0
790	781	대관	소극장	2021.08.03 11시	KBS교향악단과 함께하는 제5회 여수음악제 - 금난새와 함께하는 “행복한 토요일”	0	0	0	0	0	0	0	0	0	0	0	0	0	0
789	780	대관	대극장	2021.08.03 11시	KBS교향악단과 함께하는 제5회 여수음악제 - 금난새와 여수 꿈나무 드림 콘서트	0	0	0	0	0	0	0	0	0	0	0	0	0	0
788	779	대관	대극장	2021.08.03 11시	KBS교향악단과 함께하는 제5회 여수음악제 - 피아니스트 김정원과 함께하는 “뷰티풀 선데이”	0	0	0	0	0	0	0	0	0	0	0	0	0	0
787	778	대관	대극장	2021.08.03 11시	KBS교향악단과 함께하는 제5회 여수음악제 - 거장과 거장의 만남, 정명훈 ＆ 개릭 올슨	0	0	0	0	0	0	0	0	0	0	0	0	0	0
786	777	대관	소극장	2021.07.29 01시	JOY OF PERCUSSION 베토벤 5번 운명교향곡	0	0	0	0	0	0	0	0	0	0	0	0	0	0
785	776	대관	대극장	2021.07.27 18시	연극 장수상회 (공연취소)	0	0	0	0	0	0	0	0	0	0	0	0	0	0
783	775	대관	대극장	2021.07.20 01시	여수영재교육원 예술영재연주회 다시성장하다(공연취소)	0	0	0	0	0	0	0	0	0	0	0	0	0	0
782	774	대관	소극장	2021.07.02 01시	EPO Principal Series 1 - 여수(공연취소)	0	0	0	0	0	0	0	0	0	0	0	0	0	0
781	773	기획	대극장	2021.07.09 13시	클라라 주미 강 & 김선욱 듀오 리사이틀	0	0	0	0	0	0	0	0	0	0	0	0	0	0
780	772	대관	대극장	2021.07.02 18시	레이어스 클래식 라이브 콘서트 'LOVE SIGNAL'	0	0	0	0	0	0	0	0	0	0	0	0	0	0
779	771	기획	대극장	2021.06.30 13시	2021 예울마루 실내악 페스티벌	0	0	0	0	0	0	0	0	0	0	0	0	0	0
778	770	대관	소극장	2021.06.25 01시	오페라의 전설	0	0	0	0	0	0	0	0	0	0	0	0	0	0
777	769	공동기획	대극장	2021.06.24 13시	연극 <완벽한 타인>	0	0	0	0	0	0	0	0	0	0	0	0	0	0
776	768	기획	대극장	2021.06.22 13시	뮤지컬 <알사탕>	0	0	0	0	0	0	0	0	0	0	0	0	0	0
775	767	기획	대극장	2021.06.18 13시	세종솔로이스츠 콘서트 오페라<람메르무어의 루치아>	0	0	0	0	0	0	0	0	0	0	0	0	0	0
774	766	기획	대극장	2021.06.15 10시	브런치콘서트<모차르트VS슈베르트>	0	0	0	0	0	0	0	0	0	0	0	0	0	0
773	765	기획	대극장	2021.06.10 10시	헬로!오페라<헨젤과 그레텔>	0	0	0	0	0	0	0	0	0	0	0	0	0	0
772	764	대관	소극장	2021.06.04 01시	이음스트링챔버오케스트라 제2회 정기연주회	0	0	0	0	0	0	0	0	0	0	0	0	0	0
771	763	대관	대극장	2021.06.04 01시	여수심포니오케스트라 제10회 정기연주회_피아노협주곡의 밤	0	0	0	0	0	0	0	0	0	0	0	0	0	0
770	762	대관	대극장	2021.06.10 01시	여수시립국악단 제 38회 정기공연_꽃물에 배띄워	0	0	0	0	0	0	0	0	0	0	0	0	0	0
769	761	대관	소극장	2021.06.01 01시	앙상블여수 정기연주회_나를 찾는 기억	0	0	0	0	0	0	0	0	0	0	0	0	0	0
768	760	대관	소극장	2021.05.26 01시	어울림합창단과 아카데미 윤슬 교류연주	0	0	0	0	0	0	0	0	0	0	0	0	0	0
767	759	대관	대극장	2021.05.17 06시	임현정의 리스트 초절기교 에튀드 전곡	0	0	0	0	0	0	0	0	0	0	0	0	0	0
766	758	대관	대극장	2021.05.07 01시	여수시립합창단 제 78회 정기연주회	0	0	0	0	0	0	0	0	0	0	0	0	0	0
765	757	기획	대극장	2021.04.06 01시	광주시립발레단<차이콥스키 발레 명작 시리즈>	0	0	0	0	0	0	0	0	0	0	0	0	0	0
764	756	대관	대극장	2021.03.31 01시	열린심포니오케스트라 제 16회 정기연주회	0	0	0	0	0	0	0	0	0	0	0	0	0	0
763	755	기획	대극장	2021.03.30 13시	헬로!오페라<신데렐라>	0	0	0	0	0	0	0	0	0	0	0	0	0	0
762	754	대관	소극장	2021.03.23 01시	한국음악협회 여수지부 신춘음악회	0	0	0	0	0	0	0	0	0	0	0	0	0	0
761	753	기획	대극장	2021.03.24 13시	브런치 콘서트<피아졸라,바흐를 만나다>	0	0	0	0	0	0	0	0	0	0	0	0	0	0
760	752	대관	소극장	2021.03.19 01시	제3회 트리오제이 정기연주회	0	0	0	0	0	0	0	0	0	0	0	0	0	0
759	751	공동기획	대극장	2021.03.23 13시	뮤지컬 〈캣츠〉 40주년 내한공연 - 여수	0	0	0	0	0	0	0	0	0	0	0	0	0	0
758	750	공동기획	소극장	2021.03.04 13시	매직 드로잉 가족극 「두들팝」	0	0	0	0	0	0	0	0	0	0	0	0	0	0
757	749	대관	소극장	2021.02.25 01시	영남의 소리, 춤	0	0	0	0	0	0	0	0	0	0	0	0	0	0
756	748	기획	대극장	2021.02.18 13시	브런치 콘서트<쇼팽으로 만나는 지브리>	0	0	0	0	0	0	0	0	0	0	0	0	0	0
755	747	기획	대극장	2021.02.17 13시	2021 예울마루 실내악페스티벌 스프링 콘서트 <비엔나의 로망스>	0	0	0	0	0	0	0	0	0	0	0	0	0	0
754	746	대관	대극장	2021.02.15 09시	내셔널솔리스텐앙상블 ＆ 피아졸라사계 윤소영	0	0	0	0	0	0	0	0	0	0	0	0	0	0
753	745	대관	대극장	2020.12.31 01시	함춘호와 앙상블콰이어, 그리고 여수	0	0	0	0	0	0	0	0	0	0	0	0	0	0
752	744	기획	대극장	2020.12.17 10시	2021 예울마루 신년음악회	0	0	0	0	0	0	0	0	0	0	0	0	0	0
751	743	대관	소극장	2020.12.10 01시	JOY OF PERCUSSION 제2회 정기연주회	0	0	0	0	0	0	0	0	0	0	0	0	0	0
750	742	대관	대극장	2020.12.09 01시	섬을 노래하다	0	0	0	0	0	0	0	0	0	0	0	0	0	0
749	741	대관	소극장	2020.12.04 01시	제6회 오카리나앙상블 예울 '지금 여기'	0	0	0	0	0	0	0	0	0	0	0	0	0	0
748	740	대관	소극장	2020.12.04 01시	제7회 여수 클래식 영재육성을 위한 음악회	0	0	0	0	0	0	0	0	0	0	0	0	0	0
747	739	대관	대극장	2020.12.04 01시	유진 청소년 오케스트라 Togther We Can	0	0	0	0	0	0	0	0	0	0	0	0	0	0
746	738	기획	대극장	2020.12.08 09시	2020 예울마루 크리스마스 콘서트	0	0	0	0	0	0	0	0	0	0	0	0	0	0
745	737	공동기획	소극장	2020.12.04 14시	창작뮤지컬<별이쏟아진다>	0	0	0	0	0	0	0	0	0	0	0	0	0	0
744	736	대관	대극장	2020.11.12 01시	여수교원교향악단 정기연주회	0	0	0	0	0	0	0	0	0	0	0	0	0	0
743	735	대관	대극장	2020.11.20 01시	클래식 산책 해설이 있는 오페라 갈라 콘서트 오페라 '라 트라비아타'	0	0	0	0	0	0	0	0	0	0	0	0	0	0
742	734	대관	대극장	2020.11.11 01시	한국음악협회 여수지부 제45회 정기연주회	0	0	0	0	0	0	0	0	0	0	0	0	0	0
741	733	기획	대극장	2020.11.17 09시	조성진 피아노 리사이틀	0	0	0	0	0	0	0	0	0	0	0	0	0	0
740	732	대관	대극장	2020.11.10 01시	제44회 여수예술제	0	0	0	0	0	0	0	0	0	0	0	0	0	0
739	731	기획	소극장	2020.11.10 10시	국민연극 〈라이어3탄 : 튀어!〉-여수	0	0	0	0	0	0	0	0	0	0	0	0	0	0
738	730	대관	소극장	2020.11.06 01시	서경진 가야금 독주회 Ⅱ	0	0	0	0	0	0	0	0	0	0	0	0	0	0
737	729	대관	대극장	2020.11.06 01시	'COVID19'극복 위로 공연	0	0	0	0	0	0	0	0	0	0	0	0	0	0
736	728	기획	대극장	2020.12.10 09시	리처드 용재오닐 <선물 2020>	0	0	0	0	0	0	0	0	0	0	0	0	0	0
735	727	대관	대극장	2020.12.03 01시	여수시립국악단 제37회 정기공연 '다독이다'(비대면)	0	0	0	0	0	0	0	0	0	0	0	0	0	0
734	726	기획	대극장	2020.11.03 09시	브런치콘서트 <술술클래식>	0	0	0	0	0	0	0	0	0	0	0	0	0	0
733	725	대관	소극장	2020.10.27 01시	네번째 주민혁 클라리넷 독주회	0	0	0	0	0	0	0	0	0	0	0	0	0	0
732	724	대관	소극장	2020.10.27 01시	이혜란피아노독주회	0	0	0	0	0	0	0	0	0	0	0	0	0	0
731	723	대관	소극장	2020.10.24 01시	이색조우, 은빛가락에 어우르다	0	0	0	0	0	0	0	0	0	0	0	0	0	0
730	722	기획	대극장	2020.10.20 09시	2020 지역예술인 페스티벌	0	0	0	0	0	0	0	0	0	0	0	0	0	0
729	721	기획	대극장	2020.10.20 09시	헬로!오페라 <피가로의 결혼>	0	0	0	0	0	0	0	0	0	0	0	0	0	0
728	720	대관	대극장	2020.10.16 01시	채동선실내악단 신여수 춘향가	0	0	0	0	0	0	0	0	0	0	0	0	0	0
727	719	대관	대극장	2020.11.19 01시	여수심포니오케스트라 제9회 정기연주회 베토벤 탄생 250주년 기념음악회	0	0	0	0	0	0	0	0	0	0	0	0	0	0
726	718	대관	대극장	2020.11.01 01시	열린심포니오케스트라 제 15회 정기연주회	0	0	0	0	0	0	0	0	0	0	0	0	0	0
725	717	대관	소극장	2020.10.01 01시	피아니스트 김지은과 함께하는 Traum Festival	0	0	0	0	0	0	0	0	0	0	0	0	0	0
724	716	공동기획	대극장	2020.10.27 09시	뮤지컬 〈스웨그에이지 : 외쳐, 조선!〉	0	0	0	0	0	0	0	0	0	0	0	0	0	0
723	715	대관	대극장	2020.09.17 01시	락음국악단 孝 한가위 특별공연	0	0	0	0	0	0	0	0	0	0	0	0	0	0
722	714	대관	소극장	2020.09.17 01시	제정화의 젊은 소리 열한번째 판 '심청' 그녀의이야기Ⅰ	0	0	0	0	0	0	0	0	0	0	0	0	0	0
721	713	기획	대극장	2020.09.15 09시	2020 예울마루 실내악페스티벌	0	0	0	0	0	0	0	0	0	0	0	0	0	0
720	712	대관	대극장	2020.09.08 01시	CTS전남방송 개국 16주년 기념음악회	0	0	0	0	0	0	0	0	0	0	0	0	0	0
719	711	대관	소극장	2020.09.02 01시	2020 여수영재교육원 오케스트라 협연의밤 연주회	0	0	0	0	0	0	0	0	0	0	0	0	0	0
718	710	기획	대극장	01시	예울마루 공연/전시/교육 한시적 중단 안내	0	0	0	0	0	0	0	0	0	0	0	0	0	0
716	709	대관	대극장	2020.08.13 01시	2020 여수국제음악제_땡큐클래식	0	0	0	0	0	0	0	0	0	0	0	0	0	0
715	708	대관	대극장	2020.08.25 01시	여수시립합창단 제 77회 정기연주회 '가을이 익어가오'	0	0	0	0	0	0	0	0	0	0	0	0	0	0
714	707	대관	대극장	2020.10.22 09시	무소르그스키 전람회의 그림_앙상블여수, 그림을만나다.(매진)	0	0	0	0	0	0	0	0	0	0	0	0	0	0
712	706	기획	대극장	2020.08.13 09시	브런치콘서트 <술술클래식>	0	0	0	0	0	0	0	0	0	0	0	0	0	0
711	705	대관	대극장	2020.08.05 01시	KBS교향악단과 함께하는 제4회 여수음악제 피날레 콘서트-[새로운 여정의 시작]	0	0	0	0	0	0	0	0	0	0	0	0	0	0
710	704	대관	대극장	2020.08.05 01시	KBS교향악단과 함께하는 제4회 여수음악제-[엔니오 모리꼬네를 위하여]	0	0	0	0	0	0	0	0	0	0	0	0	0	0
709	703	대관	소극장	2020.08.05 01시	KBS교향악단과 함께하는 제4회 여수음악제 - [김대진, 문지영 듀오콘서트]	0	0	0	0	0	0	0	0	0	0	0	0	0	0
708	702	대관	대극장	2020.08.05 01시	KBS교향악단과 함께하는 제4회 여수음악제 오프닝 콘서트 - [열정의 클래식 여행 그 시작]	0	0	0	0	0	0	0	0	0	0	0	0	0	0
707	701	대관	대극장	2020.07.18 01시	손양원목사 70주년 기념 음악회 'SBS김정택예술단'	0	0	0	0	0	0	0	0	0	0	0	0	0	0
706	700	대관	대극장	2020.07.28 01시	섬으로 떠나는 클래식여행	0	0	0	0	0	0	0	0	0	0	0	0	0	0
705	699	기획	대극장	2020.07.30 09시	국립현대무용단<스윙>	0	0	0	0	0	0	0	0	0	0	0	0	0	0
703	698	기획	대극장	2020.07.23 09시	헬로!오페라 <세빌리아의 이발사>	1	0	0	0	0	100	0	0	0	0	0	0	0	100
702	697	기획	대극장	2020.07.02 14시	환상가족음악극 〈리틀 뮤지션〉	0	0	0	0	0	0	0	0	0	0	0	0	0	0
701	696	대관	소극장	2020.06.11 01시	연극 개세끼들	0	0	0	0	0	0	0	0	0	0	0	0	0	0
700	695	대관	소극장	2020.06.13 01시	이음 스트링 챔버오케스트라 창단연주회 피어나다	0	0	0	0	0	0	0	0	0	0	0	0	0	0
699	694	기획	대극장	2020.06.11 14시	조성진 피아노 리사이틀(취소)	0	0	0	0	0	0	0	0	0	0	0	0	0	0
698	693	대관	소극장	2020.06.13 01시	Trio J가 들려주는 시대의 멜로디	0	0	0	0	0	0	0	0	0	0	0	0	0	0
697	692	대관	소극장	2020.05.27 01시	한국음악협회 여수지부 신춘음악회	0	0	0	0	0	0	0	0	0	0	0	0	0	0
696	691	기획	대극장	2020.01.01 01시	예울마루 이용객(공연/전시/교육) 안내사항	0	0	0	0	0	0	0	0	0	0	0	0	0	0
695	690	기획	소극장	2020.05.12 11시	플루티스트 윤혜리의 NIGHT FANTASY	0	0	0	0	0	0	0	0	0	0	0	0	0	0
694	689	기획	대극장	2020.05.19 11시	브런치콘서트 <술술클래식>	0	0	0	0	0	0	0	0	0	0	0	0	0	0
693	688	대관	소극장	2020.04.29 17시	발렌타인30	0	0	0	0	0	0	0	0	0	0	0	0	0	0
692	687	공동기획	대극장	2020.05.21 15시	뮤지컬<레베카>	0	0	0	0	0	0	0	0	0	0	0	0	0	0
691	686	대관	소극장	2020.03.11 09시	김동준 피아노 독주회	0	0	0	0	0	0	0	0	0	0	0	0	0	0
690	685	대관	대극장	2020.02.28 09시	전남CBS 창립 17주년 기념 특별공연 JUMP	0	0	0	0	0	0	0	0	0	0	0	0	0	0
689	684	공동기획	대극장	2020.02.20 11시	뮤지컬<레베카>	0	0	0	0	0	0	0	0	0	0	0	0	0	0
688	683	기획	대극장	2020.02.06 11시	브런치콘서트<술술클래식Ⅰ>	0	0	0	0	0	0	0	0	0	0	0	0	0	0
687	682	기획	대극장	2020.02.04 11시	<공연취소>세종솔로이스츠 '브란덴부르크 협주곡 전곡' 연주	0	0	0	0	0	0	0	0	0	0	0	0	0	0
686	681	대관	대극장	2020.02.05 01시	2020 이승환 30주년 콘서트［무적전설］- 여수	0	0	0	0	0	0	0	0	0	0	0	0	0	0
685	680	대관	대극장	2020.01.16 01시	2020 Theatre 이문세-여수	0	0	0	0	0	0	0	0	0	0	0	0	0	0
684	679	대관	대극장	2020.05.27 02시	2020 최현우의 빌리브: bELIEvE - 여수	0	0	0	0	0	0	0	0	0	0	0	0	0	0
683	678	대관	대극장	2020.01.16 01시	전남동부극동방송 어린이합창단 제2회 정기연주회	0	0	0	0	0	0	0	0	0	0	0	0	0	0
682	677	대관	대극장	2020.02.21 02시	2020 V.O.S 콘서트 Beautiful Life - 여수(연기)	0	0	0	0	0	0	0	0	0	0	0	0	0	0
681	676	공동기획	대극장	2020.01.14 11시	국립발레단 <백조의 호수>	0	0	0	0	0	0	0	0	0	0	0	0	0	0
680	675	대관	소극장	2019.12.26 08시	2019년 제8회 지역예술인재콘서트 '네 꿈에 날개를'	0	0	0	0	0	0	0	0	0	0	0	0	0	0
679	674	공동기획	소극장	2019.12.10 11시	국민연극 라이어Ⅰ_특별공연(추가회차)	0	0	0	0	0	0	0	0	0	0	0	0	0	0
678	673	기획	대극장	2019.12.17 11시	2020 예울마루 신년음악회	0	0	0	0	0	0	0	0	0	0	0	0	0	0
677	672	대관	소극장	2019.12.06 01시	윤슬트리오 피아노 트리오의 밤	0	0	0	0	0	0	0	0	0	0	0	0	0	0
676	671	대관	대극장	2019.12.02 01시	여수시립예술단 송년음악회 미래를 향한 여수의 행복	0	0	0	0	0	0	0	0	0	0	0	0	0	0
675	670	대관	대극장	2019.11.20 01시	2019 여수영재교육원 예술영재 정기연주회	0	0	0	0	0	0	0	0	0	0	0	0	0	0
674	669	대관	대극장	2019.11.15 01시	여수장로합창단 창단 20주년 공연	0	0	0	0	0	0	0	0	0	0	0	0	0	0
673	668	대관	대극장	2019.11.14 01시	여수교직원합창단 울림 제 6회 정기연주회	0	0	0	0	0	0	0	0	0	0	0	0	0	0
672	667	대관	대극장	2019.11.15 01시	여수교원교향악단 제 12회 정기연주회	0	0	0	0	0	0	0	0	0	0	0	0	0	0
671	666	대관	소극장	2019.11.13 01시	여수오카리나앙상블 예울 제5회 정기연주회 'THE TOGETHER'	0	0	0	0	0	0	0	0	0	0	0	0	0	0
670	665	기획	대극장	2019.11.12 11시	넌버벌 퍼포먼스 코미디극 옹알스[매진]	0	0	0	0	0	0	0	0	0	0	0	0	0	0
669	664	대관	대극장	2019.11.08 01시	제8회 여수학생오케스트라 페스티벌	0	0	0	0	0	0	0	0	0	0	0	0	0	0
668	663	대관	대극장	2019.11.12 01시	여수시립국악단 제36회 정기공연	0	0	0	0	0	0	0	0	0	0	0	0	0	0
667	662	공동기획	소극장	2019.11.08 11시	국민연극 라이어Ⅰ	0	0	0	0	0	0	0	0	0	0	0	0	0	0
666	661	대관	대극장	2019.11.05 01시	2019 ‘만9,900원의행복’ 서영은 콘서트 시즌4 - 여수	0	0	0	0	0	0	0	0	0	0	0	0	0	0
665	660	대관	대극장	2019.11.08 01시	여수필하모닉오케스트라 제31회 정기연주회	0	0	0	0	0	0	0	0	0	0	0	0	0	0
664	659	대관	소극장	2019.11.04 01시	여수시 초청 락음국악단 특별연주회	0	0	0	0	0	0	0	0	0	0	0	0	0	0
663	658	대관	대극장	2020.02.17 10시	빅3 행복한 동행 시즌1(공연취소)	0	0	0	0	0	0	0	0	0	0	0	0	0	0
662	657	대관	소극장	2019.10.31 01시	한국음악협회 여수지부 제44회 정기연주회	0	0	0	0	0	0	0	0	0	0	0	0	0	0
661	656	대관	소극장	2019.10.31 01시	제 17회 여수어머니리코더합주단 정기연주회	0	0	0	0	0	0	0	0	0	0	0	0	0	0
660	655	대관	대극장	01시	2019 전라남도 학교예술교육 페스티벌	0	0	0	0	0	0	0	0	0	0	0	0	0	0
659	654	대관	소극장	2019.10.25 01시	시로 읽는 여수<행복 시낭송 콘서트>	0	0	0	0	0	0	0	0	0	0	0	0	0	0
658	653	기획	소극장	2019.10.17 11시	2019 지역 예술인 페스티벌	0	0	0	0	0	0	0	0	0	0	0	0	0	0
657	652	대관	대극장	2019.10.25 01시	여수심포니오케스트라 명연주자 초대전 '첼리스트 김규식 With 무누스 앙상블	0	0	0	0	0	0	0	0	0	0	0	0	0	0
656	651	기획	대극장	2019.10.15 11시	사라장 바이올린 리사이틀	0	0	0	0	0	0	0	0	0	0	0	0	0	0
655	650	기획	대극장	2019.10.11 11시	피아니스트 강현주의 브런치콘서트 <음악가들의 뮤즈들Ⅳ> -레닌그라드의 흥행사 디아길레프와스트라빈스키	0	0	0	0	0	0	0	0	0	0	0	0	0	0
654	649	기획	대극장	2019.10.10 11시	트리오 오원 10주년 기념음악회	0	0	0	0	0	0	0	0	0	0	0	0	0	0
653	648	대관	소극장	2019.09.25 01시	제7회 여수 학생 합창 페스티벌	0	0	0	0	0	0	0	0	0	0	0	0	0	0
652	647	대관	대극장	2019.10.03 01시	2019 만9,900원의 행복 유리상자콘서트 시즌3 - 여수	0	0	0	0	0	0	0	0	0	0	0	0	0	0
651	646	대관	대극장	2019.09.26 01시	CTS전남방송 개국15주년 기념음악회	0	0	0	0	0	0	0	0	0	0	0	0	0	0
650	645	대관	대극장	2019.09.26 01시	제 43회 여수예술제	0	0	0	0	0	0	0	0	0	0	0	0	0	0
649	644	대관	소극장	2019.09.26 01시	가을밤의 세레나데	0	0	0	0	0	0	0	0	0	0	0	0	0	0
648	643	대관	대극장	2019.09.26 01시	2019 평화통일 공감 메아리	0	0	0	0	0	0	0	0	0	0	0	0	0	0
647	642	기획	기타	2019.09.20 01시	2019 예울마루 야외콘서트	0	0	0	0	0	0	0	0	0	0	0	0	0	0
646	641	대관	소극장	2019.09.26 01시	타악앙상블-JOY OF PERCUSSION	0	0	0	0	0	0	0	0	0	0	0	0	0	0
645	640	대관	대극장	2019.09.24 01시	여수와 로마가 사랑한 스핀토 소프라노 <박소은 독창회>	0	0	0	0	0	0	0	0	0	0	0	0	0	0
643	639	대관	대극장	2019.09.09 01시	제5회 전남아동.청소년 문화예술 축제	0	0	0	0	0	0	0	0	0	0	0	0	0	0
642	638	대관	대극장	2019.09.09 01시	여수시립합창단 제76회 정기연주회 가을이여 사랑이여	0	0	0	0	0	0	0	0	0	0	0	0	0	0
641	637	대관	대극장	2019.09.04 01시	2019 지역문화예술육성 공연예술지원-연극 야천	0	0	0	0	0	0	0	0	0	0	0	0	0	0
640	636	대관	소극장	2019.08.22 01시	트리오제이창단연주회<멘델스존 트리오 전곡 연주회>	0	0	0	0	0	0	0	0	0	0	0	0	0	0
639	635	대관	소극장	2019.08.22 01시	피아니스트 금혜승 & 키릴카슈닌 피아노듀오	0	0	0	0	0	0	0	0	0	0	0	0	0	0
638	634	기획	대극장	2019.08.14 11시	2019 예울마루 실내악페스티벌	0	0	0	0	0	0	0	0	0	0	0	0	0	0
637	633	대관	소극장	2019.08.12 01시	제14회 임산부의 날 '비커밍맘2' 가족 공감 뮤지컬	0	0	0	0	0	0	0	0	0	0	0	0	0	0
636	632	대관	대극장	2019.08.07 01시	손양원목사 순교 69주년 기념 '박지혜와 락밴드 초청음악회'	0	0	0	0	0	0	0	0	0	0	0	0	0	0
635	631	대관	소극장	2019.07.31 01시	라하영 바이올린 귀국 독주회	0	0	0	0	0	0	0	0	0	0	0	0	0	0
634	630	대관	대극장	2019.07.24 01시	제6회 여수클래식 영재육성을 위한 음악회 THE BEGINNING	0	0	0	0	0	0	0	0	0	0	0	0	0	0
633	629	공동기획	대극장	2019.08.20 11시	뮤지컬<맘마미아>	0	0	0	0	0	0	0	0	0	0	0	0	0	0
632	628	대관	대극장	2019.07.12 09시	2019 여수 국제음악제&앙상블	0	0	0	0	0	0	0	0	0	0	0	0	0	0
631	627	대관	대극장	2019.07.22 01시	2019년 후원자, 자원봉사, 지역소외계층을 위한 감사음악회	0	0	0	0	0	0	0	0	0	0	0	0	0	0
630	626	대관	대극장	2019.07.08 14시	KBS교향악단과 함께하는 제3회 여수음악제 - [아름다운 한국인 스페셜 II] 피날레 콘서트 with 강동석	0	0	0	0	0	0	0	0	0	0	0	0	0	0
629	625	대관	소극장	2019.07.08 14시	KBS교향악단과 함께하는 제3회 여수음악제 - [행복을 여는 클래식 II] 아침의 클래식 with 강동석과 친구들, 앙상블 여수	0	0	0	0	0	0	0	0	0	0	0	0	0	0
628	624	대관	대극장	2019.07.08 14시	KBS교향악단과 함께하는 제3회 여수음악제 - [행복을 여는 클래식 I] 유키 구라모토와 친구들	0	0	0	0	0	0	0	0	0	0	0	0	0	0
627	623	대관	대극장	2019.07.08 14시	KBS교향악단과 함께하는 제3회 여수음악제 - [아름다운 한국인 스페셜 I] 오프닝 콘서트 with 선우예권	0	0	0	0	0	0	0	0	0	0	0	0	0	0
626	622	기획	대극장	2019.07.11 11시	피아니스트 강현주의 브런치콘서트 <음악가들의 뮤즈들Ⅲ> -몽마르트의 첫사랑,발라동과 사티	0	0	0	0	0	0	0	0	0	0	0	0	0	0
625	621	대관	소극장	2019.06.26 01시	악기로 떠나는 시대별 음악여행	0	0	0	0	0	0	0	0	0	0	0	0	0	0
624	620	대관	소극장	2019.06.24 01시	2019 제13회 캥거루창작동요제	0	0	0	0	0	0	0	0	0	0	0	0	0	0
623	619	대관	소극장	2019.06.17 01시	바리톤 이중현 독창회	0	0	0	0	0	0	0	0	0	0	0	0	0	0
622	618	기획	대극장	2019.06.13 11시	명작 단편소설 뮤지컬<얼쑤>	0	0	0	0	0	0	0	0	0	0	0	0	0	0
621	617	대관	소극장	2019.06.13 09시	홍정인 플룻 독주회	0	0	0	0	0	0	0	0	0	0	0	0	0	0
620	616	대관	소극장	2019.06.12 01시	에스챔버소사이어티 제4회 정기연주회	0	0	0	0	0	0	0	0	0	0	0	0	0	0
619	615	대관	대극장	2019.06.10 01시	한국전력과 함께하는 희망.사랑 나눔 콘서트	0	0	0	0	0	0	0	0	0	0	0	0	0	0
618	614	대관	대극장	2019.06.10 01시	여수아가페합창단 제 23회 정기연주회	0	0	0	0	0	0	0	0	0	0	0	0	0	0
617	613	대관	소극장	2019.06.03 10시	앙상블 여수와 금노상 지휘자가 함께하는 생상스의 '동물의 사육제'[전석매진]	0	0	0	0	0	0	0	0	0	0	0	0	0	0
616	612	기획	대극장	2019.05.23 11시	헬로!오페라- <돈 파스콸레>	0	0	0	0	0	0	0	0	0	0	0	0	0	0
615	611	대관	대극장	2019.05.20 01시	전남동부극동방송 여성합창단 제2회 정기연주회	0	0	0	0	0	0	0	0	0	0	0	0	0	0
614	610	대관	대극장	2019.05.07 10시	2019 동서화합천사프로젝트 오케스트라 협연 합동연주회 <영호남화합의하모니>	0	0	0	0	0	0	0	0	0	0	0	0	0	0
613	609	대관	대극장	2019.05.07 10시	2019김창옥 토크콘서트 ‘잘살아보세’ - 여수	0	0	0	0	0	0	0	0	0	0	0	0	0	0
612	608	공동기획	대극장	2019.05.08 11시	뮤지컬 〈지킬앤하이드〉	0	0	0	0	0	0	0	0	0	0	0	0	0	0
607	607	기획	대극장	2019.05.21 01시	피아니스트 강현주의 브런치콘서트 <음악가들의 뮤즈들ⅠI> -비엔나의 팜므파탈,알마와 말러	0	0	0	0	0	0	0	0	0	0	0	0	0	0
606	606	대관	대극장	2019.04.15 10시	여수시립합창단 제 75회 정기연주회	0	0	0	0	0	0	0	0	0	0	0	0	0	0
605	605	대관	소극장	2019.03.26 10시	신춘음악회	0	0	0	0	0	0	0	0	0	0	0	0	0	0
604	604	기획	대극장	2019.03.20 10시	헬로!오페라- 창작 오페라 <봄봄>	0	0	0	0	0	0	0	0	0	0	0	0	0	0
603	603	대관	대극장	2019.03.19 20시	2019 이승환 전국투어［최고의 하루］- 여수	0	0	0	0	0	0	0	0	0	0	0	0	0	0
602	602	공동기획	대극장	2019.03.14 10시	국립발레단 창작발레 <호이 랑>	0	0	0	0	0	0	0	0	0	0	0	0	0	0
601	601	기획	대극장	2019.03.14 10시	뮤지컬 <더 스토리 오브 언더더씨>	0	0	0	0	0	0	0	0	0	0	0	0	0	0
600	600	기획	대극장	2019.03.06 11시	2019 조수미 콘서트	0	0	0	0	0	0	0	0	0	0	0	0	0	0
599	599	대관	대극장	2019.02.24 10시	여수 YWCA합창단 제 19회 정기연주회	0	0	0	0	0	0	0	0	0	0	0	0	0	0
598	598	대관	대극장	2019.02.24 10시	2019 남도국제음악제	0	0	0	0	0	0	0	0	0	0	0	0	0	0
597	597	대관	대극장	2019.02.24 10시	전남CBS 창립 16주년기념 특별공연 <첼리스트 양성원과 서울첼로오케스트라>	0	0	0	0	0	0	0	0	0	0	0	0	0	0
596	596	대관	소극장	2019.02.24 10시	김지원 첼로 독주회[전석매진]	0	0	0	0	0	0	0	0	0	0	0	0	0	0
595	595	대관	대극장	2019.02.24 10시	여수시립합창단 정기연주회	0	0	0	0	0	0	0	0	0	0	0	0	0	0
594	594	대관	소극장	2019.02.24 10시	초록우산드림오케스트라 정기연주회	0	0	0	0	0	0	0	0	0	0	0	0	0	0
593	593	대관	소극장	2019.02.22 10시	Klangflair 피아노듀오리사이틀	0	0	0	0	0	0	0	0	0	0	0	0	0	0
592	592	대관	소극장	2019.02.22 10시	서주희 귀국 바이올린 독주회	0	0	0	0	0	0	0	0	0	0	0	0	0	0
591	591	대관	대극장	2019.02.18 10시	연극〈늘근도둑이야기〉- 여수	0	0	0	0	0	0	0	0	0	0	0	0	0	0
590	590	대관	대극장	2019.02.15 17시	2019 장범준 전국공연 <노래방에서> - 여수	0	0	0	0	0	0	0	0	0	0	0	0	0	0
589	589	대관	소극장	2019.01.31 10시	싱어롱 콘서트 뮤지컬 〈무지개 물고기〉	0	0	0	0	0	0	0	0	0	0	0	0	0	0
588	588	기획	대극장	2019.01.29 11시	피아니스트 강현주의 브런치콘서트 <음악가들의 뮤즈들Ⅰ> -라인강의 뮤즈, 클라라와 슈만	0	0	0	0	0	0	0	0	0	0	0	0	0	0
587	587	대관	대극장	2019.01.24 10시	보헤미안 `랩소디 퀸’ 내한공연＆프레디 머큐리 미공개 사진전-여수	0	0	0	0	0	0	0	0	0	0	0	0	0	0
586	586	대관	소극장	2019.01.24 10시	제14회 열린챔버오케스트라 정기연주회	0	0	0	0	0	0	0	0	0	0	0	0	0	0
585	585	기타	대극장	2019.01.15 10시	연극 <오이디푸스>	0	0	0	0	0	0	0	0	0	0	0	0	0	0
584	584	대관	대극장	2019.01.11 09시	『만9,900원의 행복』 유리상자 콘서트 - 여수	0	0	0	0	0	0	0	0	0	0	0	0	0	0
583	583	대관	소극장	2019.01.10 10시	CY Orchestra 창단연주	0	0	0	0	0	0	0	0	0	0	0	0	0	0
582	582	대관	대극장	2018.12.27 10시	여수청소년플룻앙상블 제5회정기연주회	0	0	0	0	0	0	0	0	0	0	0	0	0	0
581	581	대관	대극장	2018.12.12 10시	여수영재교육원오케스트라 정기연주회	0	0	0	0	0	0	0	0	0	0	0	0	0	0
580	580	대관	대극장	2018.11.22 10시	여수교원교향악단 제 11회 정기연주회	0	0	0	0	0	0	0	0	0	0	0	0	0	0
579	579	대관	대극장	2018.11.22 10시	여수시립예술단과 함께하는 2018 송년음악회	0	0	0	0	0	0	0	0	0	0	0	0	0	0
578	578	기획	대극장	2018.11.21 10시	2018 예울마루 크리스마스 콘서트	0	0	0	0	0	0	0	0	0	0	0	0	0	0
577	577	기획	대극장	2018.11.22 11시	2019 예울마루 신년음악회	0	0	0	0	0	0	0	0	0	0	0	0	0	0
576	576	대관	대극장	2018.11.16 10시	여수교직원합창단 울림 제5회 정기연주회	0	0	0	0	0	0	0	0	0	0	0	0	0	0
575	575	대관	소극장	2018.11.16 10시	PARK WON TOUR	0	0	0	0	0	0	0	0	0	0	0	0	0	0
574	574	대관	대극장	2018.11.16 10시	2019 윤종신 전국투어 콘서트 “계절은 너에게 배웠어” - 여수	0	0	0	0	0	0	0	0	0	0	0	0	0	0
573	573	대관	소극장	2018.11.14 10시	여수시민오케스트라 정기발표회	0	0	0	0	0	0	0	0	0	0	0	0	0	0
572	572	대관	대극장	2018.10.25 10시	여수학생오케스트라 페스티벌	0	0	0	0	0	0	0	0	0	0	0	0	0	0
571	571	대관	대극장	2018.10.25 10시	여수심포니오케스트라 정기연주회	0	0	0	0	0	0	0	0	0	0	0	0	0	0
570	570	대관	대극장	2018.10.25 10시	2018 감사음악회	0	0	0	0	0	0	0	0	0	0	0	0	0	0
569	569	대관	소극장	2018.10.23 10시	제 16회 여수어머니리코더합주단 정기연주회	0	0	0	0	0	0	0	0	0	0	0	0	0	0
568	568	대관	대극장	2018.10.23 10시	여수필하모닉 제30회 정기연주회	0	0	0	0	0	0	0	0	0	0	0	0	0	0
567	567	대관	소극장	2018.10.17 10시	여수 플루트콰르텟	0	0	0	0	0	0	0	0	0	0	0	0	0	0
566	566	대관	소극장	2018.10.17 10시	가을밤의 세레나데	0	0	0	0	0	0	0	0	0	0	0	0	0	0
565	565	대관	대극장	2018.10.16 10시	전남동부극동방송 개국3주년 기념음악회 살아나리라!	0	0	0	0	0	0	0	0	0	0	0	0	0	0
564	564	대관	대극장	2018.10.16 10시	THE COLOR 더칼라	0	0	0	0	0	0	0	0	0	0	0	0	0	0
563	563	대관	대극장	2018.10.02 10시	뮤지컬디바 홍지민과 함께하는 뮤지컬&오페라스타	0	0	0	0	0	0	0	0	0	0	0	0	0	0
562	562	대관	대극장	2018.09.19 10시	여수시립합창단 제74회 정기연주회 사랑품고 가을피다	0	0	0	0	0	0	0	0	0	0	0	0	0	0
561	561	대관	소극장	2018.09.17 10시	2018 소리맛장Ι 판소리콘서트	0	0	0	0	0	0	0	0	0	0	0	0	0	0
560	560	대관	소극장	2018.09.06 10시	한국음악협회 여수지부 제43회 정기연주회	0	0	0	0	0	0	0	0	0	0	0	0	0	0
559	559	대관	대극장	2018.09.03 10시	여수사랑의부부합창단 제 11회 정기연주회 아름다운동행	0	0	0	0	0	0	0	0	0	0	0	0	0	0
558	558	대관	대극장	2018.08.08 10시	2018『만9,900원의행복』 서영은 콘서트〈시즌3〉- 여수	0	0	0	0	0	0	0	0	0	0	0	0	0	0
557	557	대관	대극장	2018.08.06 10시	창작오페라 1948년 침묵	0	0	0	0	0	0	0	0	0	0	0	0	0	0
556	556	대관	대극장	2018.07.19 10시	제5회 여수클래식 영재육성을 위한 음악회	0	0	0	0	0	0	0	0	0	0	0	0	0	0
555	555	대관	대극장	2018.07.18 10시	KBS교향악단과 함께하는 제2회 여수음악제 - 폐막공연	0	0	0	0	0	0	0	0	0	0	0	0	0	0
554	554	대관	대극장	2018.07.18 10시	KBS교향악단과 함께하는 제2회 여수음악제 - 클래식 시리즈 2（만하임 체임버 오케스트라）	0	0	0	0	0	0	0	0	0	0	0	0	0	0
553	553	대관	대극장	2018.07.18 10시	KBS교향악단과 함께하는 제2회 여수음악제 - 개막공연	0	0	0	0	0	0	0	0	0	0	0	0	0	0
552	552	대관	대극장	2018.07.18 10시	KBS교향악단과 함께하는 제2회 여수음악제 - 클래식 시리즈 1（야노슈카 앙상블）	0	0	0	0	0	0	0	0	0	0	0	0	0	0
551	551	대관	소극장	2018.07.18 10시	어린이뮤지컬 슈퍼맨처럼~!	0	0	0	0	0	0	0	0	0	0	0	0	0	0
550	550	대관	대극장	2018.07.14 10시	뮤지컬 바람과함께사라지다(공연취소)	0	0	0	0	0	0	0	0	0	0	0	0	0	0
549	549	대관	대극장	2018.07.14 10시	여수심포니 오케스트라와 이민진패밀리의 음악샤워	0	0	0	0	0	0	0	0	0	0	0	0	0	0
548	548	대관	소극장	2018.07.14 10시	2018 여수영재교육원 예술영재 앙상블 연주회	0	0	0	0	0	0	0	0	0	0	0	0	0	0
547	547	대관	소극장	2018.07.12 10시	2018 러시아 피아니스트 키릴카슈닌 여수내한공연	0	0	0	0	0	0	0	0	0	0	0	0	0	0
546	546	대관	소극장	2018.07.11 10시	S-Chamber Society 제 3회 정기연주회	0	0	0	0	0	0	0	0	0	0	0	0	0	0
545	545	대관	대극장	2018.07.05 10시	2018 여수 국제음악제<챔버 뮤직 콘서트: 번스타인을 위한 작은 오마주>	0	0	0	0	0	0	0	0	0	0	0	0	0	0
544	544	대관	대극장	2018.07.05 10시	2018 여수 국제음악제<앙상블 콘서트>	0	0	0	0	0	0	0	0	0	0	0	0	0	0
543	543	대관	소극장	2018.07.05 10시	2018 여수 국제음악제<오프닝콘서트: 감정과 열정>	0	0	0	0	0	0	0	0	0	0	0	0	0	0
542	542	기획	대극장	2018.09.13 15시	국립발레단 <호두까기인형>	4	0	0	25	50	0	25	0	50	50	0	0	0	0
541	541	기획	대극장	2018.07.17 11시	페인터즈 히어로	0	0	0	0	0	0	0	0	0	0	0	0	0	0
540	540	기획	소극장	2018.10.25 11시	뮤지컬 <식구를 찾아서>	0	0	0	0	0	0	0	0	0	0	0	0	0	0
539	539	기획	대극장	2018.08.30 11시	뮤지컬 <시카고>	0	0	0	0	0	0	0	0	0	0	0	0	0	0
538	538	기획	대극장	2018.10.18 11시	피아니스트 강현주의 브런치콘서트 Classic on Screen Ⅳ	0	0	0	0	0	0	0	0	0	0	0	0	0	0
537	537	기획	대극장	2018.06.21 10시	양성원& 엔리코파체 듀오콘서트	0	0	0	0	0	0	0	0	0	0	0	0	0	0
536	536	기획	대극장	2018.08.17 11시	2018 예울마루 실내악 페스티벌	0	0	0	0	0	0	0	0	0	0	0	0	0	0
535	535	기획	기타	2018.06.21 10시	2018 예울마루 야외콘서트Ⅱ[취소]	0	0	0	0	0	0	0	0	0	0	0	0	0	0
534	534	기획	대극장	2018.07.12 11시	피아니스트 강현주의 브런치콘서트 Classic on Screen Ⅲ	0	0	0	0	0	0	0	0	0	0	0	0	0	0
533	533	기획	대극장	2018.07.05 11시	정경화&조성진 듀오콘서트	0	0	0	0	0	0	0	0	0	0	0	0	0	0
532	532	대관	소극장	2018.06.14 10시	정화용 플룻트 독주회	0	0	0	0	0	0	0	0	0	0	0	0	0	0
531	531	대관	소극장	2018.06.14 10시	첫번째찬양이야기 윤슬TRIO	0	0	0	0	0	0	0	0	0	0	0	0	0	0
530	530	기획	대극장	2018.05.31 11시	헬로!오페라 <코지 판 투테>	0	0	0	0	0	0	0	0	0	0	0	0	0	0
529	529	대관	소극장	2018.05.04 10시	김태훈&정화용 플룻연주회	0	0	0	0	0	0	0	0	0	0	0	0	0	0
528	528	기획	기타	2018.04.27 10시	2018 예울마루 야외콘서트	0	0	0	0	0	0	0	0	0	0	0	0	0	0
527	527	대관	대극장	2018.04.26 10시	통제영의 바람/해와달 이야기	0	0	0	0	0	0	0	0	0	0	0	0	0	0
526	526	대관	대극장	2018.04.02 10시	최백호의 청춘콘서트 ‘회귀：回歸’ - 여수	0	0	0	0	0	0	0	0	0	0	0	0	0	0
525	525	기획	대극장	2018.04.05 11시	헬로!오페라 <잔니 스키키>	0	0	0	0	0	0	0	0	0	0	0	0	0	0
524	524	기획	대극장	2018.04.05 11시	코리안 솔로이스츠&임지영	0	0	0	0	0	0	0	0	0	0	0	0	0	0
523	523	대관	대극장	2018.03.21 10시	국악으로 만나는 태교음악회	0	0	0	0	0	0	0	0	0	0	0	0	0	0
522	522	기획	대극장	2018.03.22 11시	코리안심포니오케스트라 금상첨화_오페라.발레음악	0	0	0	0	0	0	0	0	0	0	0	0	0	0
521	521	대관	대극장	2018.03.08 10시	2018 남도국제음악제	0	0	0	0	0	0	0	0	0	0	0	0	0	0
520	520	대관	대극장	2018.03.08 10시	여수시립합창단 제73회 정기연주회	0	0	0	0	0	0	0	0	0	0	0	0	0	0
519	519	대관	소극장	2018.03.08 10시	마음 놀이터	0	0	0	0	0	0	0	0	0	0	0	0	0	0
518	518	대관	대극장	2018.03.08 10시	한독음악의 만남 2018(소리&Klang)	0	0	0	0	0	0	0	0	0	0	0	0	0	0
517	517	대관	소극장	2018.03.08 10시	신춘음악회	0	0	0	0	0	0	0	0	0	0	0	0	0	0
516	516	기획	대극장	2018.03.30 11시	뮤지컬 보물섬	0	0	0	0	0	0	0	0	0	0	0	0	0	0
515	515	대관	대극장	2018.02.26 09시	동물원 데뷔 30주년 기념 콘서트	0	0	0	0	0	0	0	0	0	0	0	0	0	0
514	514	대관	소극장	2018.02.07 10시	NEUMA de TANGO(앙상블네우마 정기연주회)	0	0	0	0	0	0	0	0	0	0	0	0	0	0
513	513	대관	소극장	2018.02.07 10시	빛고을 실내앙상블의 향연	0	0	0	0	0	0	0	0	0	0	0	0	0	0
512	512	대관	대극장	2018.03.08 15시	소리인생 45주년 <김영임의 소리 ‘孝’ 대공연>-취소	0	0	0	0	0	0	0	0	0	0	0	0	0	0
511	511	대관	대극장	2018.02.21 09시	시크릿쥬쥬	0	0	0	0	0	0	0	0	0	0	0	0	0	0
510	510	대관	소극장	2018.02.07 10시	초록우산 어린이재단 드림오케스트라 정기연주회	0	0	0	0	0	0	0	0	0	0	0	0	0	0
509	509	대관	소극장	2018.02.27 11시	박지혜 플루트 독주회	0	0	0	0	0	0	0	0	0	0	0	0	0	0
508	508	기획	대극장	2018.02.02 11시	피아니스트 강현주의 브런치콘서트 Classic on Screen Ⅱ	0	0	0	0	0	0	0	0	0	0	0	0	0	0
507	507	기획	대극장	2018.02.02 11시	피아니스트 강현주의 브런치콘서트 Classic on Screen Ⅰ	0	0	0	0	0	0	0	0	0	0	0	0	0	0
506	506	대관	소극장	2018.01.18 10시	제13회 열린챔버오케스트라 정기연주회	0	0	0	0	0	0	0	0	0	0	0	0	0	0
505	505	대관	대극장	2018.01.09 10시	8090 추억여행 콘서트	0	0	0	0	0	0	0	0	0	0	0	0	0	0
504	504	기타	대극장	2018.01.11 11시	뮤지컬 <광화문연가>	0	0	0	0	0	0	0	0	0	0	0	0	0	0
503	503	대관	소극장	2017.12.22 10시	지역예술인재콘서트_네꿈에 날개를!	0	0	0	0	0	0	0	0	0	0	0	0	0	0
502	502	대관	대극장	2017.12.16 10시	여수시립국악단 제34회 정기공연<동백>	0	0	0	0	0	0	0	0	0	0	0	0	0	0
501	501	기획	대극장	2017.12.14 11시	2018 예울마루 신년음악회	0	0	0	0	0	0	0	0	0	0	0	0	0	0
500	500	대관	소극장	2017.11.11 10시	전남 꿈키움 창의학교 발표회	0	0	0	0	0	0	0	0	0	0	0	0	0	0
499	499	대관	대극장	2017.11.11 10시	여수영재원오케스트라 정기연주회	0	0	0	0	0	0	0	0	0	0	0	0	0	0
498	498	대관	대극장	2017.11.11 10시	여수교원교향악단 제10회 정기연주회	0	0	0	0	0	0	0	0	0	0	0	0	0	0
497	497	대관	대극장	2017.11.11 10시	여수시립합창단 2017 송년음악회	0	0	0	0	0	0	0	0	0	0	0	0	0	0
496	496	대관	대극장	2017.11.11 10시	여수교직원합창단울림 제4회 정기연주회	0	0	0	0	0	0	0	0	0	0	0	0	0	0
495	495	대관	대극장	2017.11.09 10시	김경호 콘서트	0	0	0	0	0	0	0	0	0	0	0	0	0	0
494	494	기획	대극장	2017.10.31 10시	체코 소년합창단 보니푸에리	0	0	0	0	0	0	0	0	0	0	0	0	0	0
493	493	대관	대극장	2017.10.24 10시	여수심포니오케스트라 제6회 정기연주회<오케스트라 시에 물들다>	0	0	0	0	0	0	0	0	0	0	0	0	0	0
492	492	대관	소극장	2017.09.29 10시	제12회 여수리코더페스티벌	0	0	0	0	0	0	0	0	0	0	0	0	0	0
491	491	대관	소극장	2017.09.27 10시	한국음악협회여수지부 제42회 정기연주회	0	0	0	0	0	0	0	0	0	0	0	0	0	0
490	490	대관	대극장	2017.09.27 10시	2017 여수학생오케스트라 페스티벌	0	0	0	0	0	0	0	0	0	0	0	0	0	0
489	489	대관	대극장	2017.09.27 10시	여수필하모닉오케스트라 제29회 정기연주회	0	0	0	0	0	0	0	0	0	0	0	0	0	0
488	488	대관	대극장	2017.09.27 10시	전남동부극동방송 개국2주년기념 어린이합창단 창단연주회	0	0	0	0	0	0	0	0	0	0	0	0	0	0
487	487	대관	대극장	2017.09.27 10시	여수YWCA합창단 제18회 정기연주회	0	0	0	0	0	0	0	0	0	0	0	0	0	0
486	486	대관	대극장	2017.09.27 10시	2017년 감사음악회	0	0	0	0	0	0	0	0	0	0	0	0	0	0
485	485	대관	소극장	2017.09.27 10시	애양청소년오케스트라 제2회 정기연주회	0	0	0	0	0	0	0	0	0	0	0	0	0	0
484	484	대관	대극장	2017.09.27 10시	여수아가페합창단 제22회 정기연주회	0	0	0	0	0	0	0	0	0	0	0	0	0	0
483	483	대관	대극장	2017.09.27 10시	2017 여수 학생학부모 합창페스티벌	0	0	0	0	0	0	0	0	0	0	0	0	0	0
482	482	대관	소극장	2017.09.20 10시	여수 칸타빌레 플룻 앙상블 나눔연주회	0	0	0	0	0	0	0	0	0	0	0	0	0	0
481	481	대관	소극장	2017.09.20 10시	가을밤의 세레나데	0	0	0	0	0	0	0	0	0	0	0	0	0	0
480	480	기타	대극장	2017.09.18 10시	뮤지컬 브로드웨이 42번가	0	0	0	0	0	0	0	0	0	0	0	0	0	0
479	479	대관	대극장	2017.09.14 10시	디코다 챔버 앙상블 첫 내한공연	0	0	0	0	0	0	0	0	0	0	0	0	0	0
478	478	대관	대극장	2017.09.12 10시	변진섭 데뷔 30주년 여수콘서트 TIMELESS	0	0	0	0	0	0	0	0	0	0	0	0	0	0
477	477	대관	대극장	2017.08.17 10시	손양원 순교 67주기 기념 "박지혜와 더밴드 초청음악회	0	0	0	0	0	0	0	0	0	0	0	0	0	0
476	476	대관	소극장	2017.08.17 10시	제1회 사랑의 음악회	0	0	0	0	0	0	0	0	0	0	0	0	0	0
475	475	대관	대극장	2017.08.17 10시	2017 전라남도 학생예술교육페스티벌_오케스트라	0	0	0	0	0	0	0	0	0	0	0	0	0	0
474	474	대관	소극장	2017.08.17 10시	2017 전라남도 학생예술교육페스티벌_복합장르	0	0	0	0	0	0	0	0	0	0	0	0	0	0
473	473	대관	소극장	2017.08.16 10시	정가영 귀국 바이올린 독주회	0	0	0	0	0	0	0	0	0	0	0	0	0	0
472	472	대관	대극장	2017.08.16 10시	여수시립합창단 제72회 정기연주회_3해음악회	0	0	0	0	0	0	0	0	0	0	0	0	0	0
471	471	대관	소극장	2017.08.16 10시	이성열 바이올린 리사이틀	0	0	0	0	0	0	0	0	0	0	0	0	0	0
470	470	대관	소극장	2017.08.11 10시	네가 걸어온 길이 아름다워	0	0	0	0	0	0	0	0	0	0	0	0	0	0
469	469	기타	대극장	2017.07.31 10시	제4회 여수청소년 국악관현악단 합동연주회	0	0	0	0	0	0	0	0	0	0	0	0	0	0
468	468	대관	대극장	2017.07.24 10시	KBS교향악단과 함께하는 제1회 여수음악제 폐막식	0	0	0	0	0	0	0	0	0	0	0	0	0	0
467	467	대관	소극장	2017.07.21 10시	여수영재교육원 예술영재 앙상블 연주회"꿈의 날개를 펴자"	0	0	0	0	0	0	0	0	0	0	0	0	0	0
466	466	기획	대극장	2017.07.21 10시	다비드 프레이&세종솔로이스츠	0	0	0	0	0	0	0	0	0	0	0	0	0	0
465	465		소극장	2017.07.18 10시	예울마루 여성영화산책(12.27)_체르노빌의 할머니들	0	0	0	0	0	0	0	0	0	0	0	0	0	0
464	464		소극장	2017.07.18 10시	예울마루 여성영화산책(10.25)_소녀 레슬러	0	0	0	0	0	0	0	0	0	0	0	0	0	0
463	463		소극장	2017.07.18 10시	예울마루 여성영화산책(08.30)_미씽: 사라진 여자	0	0	0	0	0	0	0	0	0	0	0	0	0	0
462	462	기획	대극장	2017.07.18 10시	양성원 바흐 무반주 첼로 모음곡 전곡 연주_Bach Suites for Cello	0	0	0	0	0	0	0	0	0	0	0	0	0	0
461	461	대관	소극장	2017.07.12 10시	12인의 피아니스트가 들려주는 이야기	0	0	0	0	0	0	0	0	0	0	0	0	0	0
460	460	기획	대극장	2017.11.16 11시	피아니스트 강현주의 음악으로 그린 그림Ⅳ 냉정과 열정	0	0	0	0	0	0	0	0	0	0	0	0	0	0
459	459	기획	대극장	2017.07.11 10시	피아니스트 강현주의 음악으로 그린 그림Ⅲ 여행과 고독	0	0	0	0	0	0	0	0	0	0	0	0	0	0
458	458	대관	대극장	2017.07.11 10시	한영애 2017 콘서트	0	0	0	0	0	0	0	0	0	0	0	0	0	0
457	457	대관	소극장	2017.07.10 10시	2017 여수국제음악제<러시아의 밤>	0	0	0	0	0	0	0	0	0	0	0	0	0	0
456	456	대관	대극장	2017.07.07 10시	제4회 여수클래식 영재육성을 위한 음악회	0	0	0	0	0	0	0	0	0	0	0	0	0	0
455	455	대관	대극장	2017.07.07 10시	2017 여수국제음악제<여수국제음악제 앙상블>	0	0	0	0	0	0	0	0	0	0	0	0	0	0
454	454	대관	소극장	2017.07.07 10시	2017 여수국제음악제<음악과 함께하는 짧은 세계여행>	0	0	0	0	0	0	0	0	0	0	0	0	0	0
453	453	대관	소극장	2017.07.03 10시	사랑의 미항, 여수. 러시아를 품다	0	0	0	0	0	0	0	0	0	0	0	0	0	0
452	452	기획	대극장	2017.07.25 09시	예울마루 실내악 페스티벌_가을이 오는 소리	0	0	0	0	0	0	0	0	0	0	0	0	0	0
451	451	기획	대극장	2017.06.24 10시	헬로우! 오페라_마술피리	0	0	0	0	0	0	0	0	0	0	0	0	0	0
450	450	기획	대극장	2017.06.12 10시	변강쇠 점찍고 옹녀	0	0	0	0	0	0	0	0	0	0	0	0	0	0
449	449	대관	소극장	2017.06.09 10시	한국판소리보존회 여수지부 창립축하공연	0	0	0	0	0	0	0	0	0	0	0	0	0	0
448	448	대관	대극장	2017.05.30 10시	이은미 WITH 민경인 트리오 - 여수	0	0	0	0	0	0	0	0	0	0	0	0	0	0
447	447	기획	대극장	2017.05.24 10시	예울마루 브런치콘서트 음악으로 그린 그림Ⅱ_빛과그림자	0	0	0	0	0	0	0	0	0	0	0	0	0	0
446	446	대관	대극장	2017.04.21 10시	KBS교향악단과 함께하는 제1회 여수음악제 개막식	0	0	0	0	0	0	0	0	0	0	0	0	0	0
445	445	대관	대극장	2017.04.21 10시	금난새와 한경필하모닉오케스트라	0	0	0	0	0	0	0	0	0	0	0	0	0	0
444	444	대관	대극장	2017.04.21 10시	장미여관 여수콘서트	0	0	0	0	0	0	0	0	0	0	0	0	0	0
443	443	대관	소극장	2017.04.21 10시	2017 피아노 듀오 & 솔로 연주회	0	0	0	0	0	0	0	0	0	0	0	0	0	0
442	442	대관	대극장	2017.04.21 10시	평화통일 공감메아리	0	0	0	0	0	0	0	0	0	0	0	0	0	0
441	441	대관	대극장	2017.04.21 10시	2017 남도국제음악제	0	0	0	0	0	0	0	0	0	0	0	0	0	0
440	440	대관	소극장	2017.04.21 10시	뉴뮤직퍼포먼스	0	0	0	0	0	0	0	0	0	0	0	0	0	0
439	439	대관	대극장	2017.04.21 10시	전남동부극동방송 여성합창단 창단연주회	0	0	0	0	0	0	0	0	0	0	0	0	0	0
438	438	대관	대극장	2017.04.21 10시	여수시립국악단 정기연주회 바람이 전하는 말	0	0	0	0	0	0	0	0	0	0	0	0	0	0
437	437	대관	대극장	2017.04.21 10시	전남대학교 여수캠퍼스 개교 100주년 기념음악회	0	0	0	0	0	0	0	0	0	0	0	0	0	0
436	436	기획	대극장	2017.04.17 10시	예울마루 CLASSIC MONTH 패키지 티켓	0	0	0	0	0	0	0	0	0	0	0	0	0	0
435	435	기획	대극장	2017.04.08 10시	헬로우! 오페라_사랑의 묘약	0	0	0	0	0	0	0	0	0	0	0	0	0	0
434	434	기획	대극장	2017.04.08 10시	앙상블 디토 디베르티멘토	0	0	0	0	0	0	0	0	0	0	0	0	0	0
433	433	기획	소극장	2017.04.07 10시	뮤지컬 쿵짝	0	0	0	0	0	0	0	0	0	0	0	0	0	0
432	432	기획	대극장	2017.04.07 10시	연극 유도소년	0	0	0	0	0	0	0	0	0	0	0	0	0	0
431	431	기획	대극장	2017.04.05 10시	뮤지컬 정글북	1	0	0	100	0	0	0	0	100	0	0	0	0	0
430	430	대관	대극장	2017.04.04 10시	여수시립합창단 제71회 정기연주회 봄... 노래를 그리다	0	0	0	0	0	0	0	0	0	0	0	0	0	0
429	429	대관	소극장	2017.03.30 10시	칸타빌레 플룻 앙상블 창단연주회	0	0	0	0	0	0	0	0	0	0	0	0	0	0
428	428	대관	대극장	2017.03.29 10시	제26회 매일클래식 풍자와 저항	0	0	0	0	0	0	0	0	0	0	0	0	0	0
427	427	대관	대극장	2017.03.25 10시	한국국토정보공사와 국립발레단의 찾아가는 발레이야기	0	0	0	0	0	0	0	0	0	0	0	0	0	0
426	426	대관	소극장	2017.03.25 10시	앙상블 네우마 제5회 정기연주회	0	0	0	0	0	0	0	0	0	0	0	0	0	0
425	425	기획	대극장	2017.03.10 10시	2017 문지영 피아노 리사이틀	0	0	0	0	0	0	0	0	0	0	0	0	0	0
424	424	기획	대극장	2017.03.08 10시	뮤지컬 영웅 "바다의 영웅" 패키지	0	0	0	0	0	0	0	0	0	0	0	0	0	0
423	423	기획	소극장	2017.02.23 10시	예울마루 브런치콘서트 ART&ARTIST_ 하피스트 곽정	0	0	0	0	0	0	0	0	0	0	0	0	0	0
422	422	기획	소극장	2017.02.23 10시	예울마루 브런치콘서트 ART&ARTIST_ 김성녀의 무대인생	0	0	0	0	0	0	0	0	0	0	0	0	0	0
421	421	기획	대극장	2017.02.23 10시	예울마루 브런치콘서트 음악으로 그린 그림	0	0	0	0	0	0	0	0	0	0	0	0	0	0
420	420	대관	대극장	2017.02.16 10시	뮤지컬 공룡이 살아있다	0	0	0	0	0	0	0	0	0	0	0	0	0	0
419	419	대관	소극장	2017.02.16 10시	2017 한국음악협회 여수시지부 신춘음악회	0	0	0	0	0	0	0	0	0	0	0	0	0	0
418	418	기획	소극장	2017.02.13 10시	예울마루 브런치콘서트 ART&ARTIST_ 홍신자의 거울	0	0	0	0	0	0	0	0	0	0	0	0	0	0
417	417	대관	소극장	2017.02.03 10시	제12회 정기연주회 열린챔버오케스트라	0	0	0	0	0	0	0	0	0	0	0	0	0	0
416	416	기획	대극장	2017.01.19 10시	뮤지컬 영웅	0	0	0	0	0	0	0	0	0	0	0	0	0	0
415	415		소극장	2017.01.12 10시	예울마루 여성영화산책(06.28)_책속의 소녀	0	0	0	0	0	0	0	0	0	0	0	0	0	0
414	414		소극장	2017.01.12 10시	예울마루 여성영화산책(04.26)_귀향	0	0	0	0	0	0	0	0	0	0	0	0	0	0
413	413	기타	대극장	2017.01.12 10시	제3회 여수청소년 국악관현악단 합동연주회	0	0	0	0	0	0	0	0	0	0	0	0	0	0
412	412		소극장	2017.01.31 11시	예울마루 여성영화산책(02.22)_홍콩은 언제나 내일	0	0	0	0	0	0	0	0	0	0	0	0	0	0
411	411	공동기획	대극장	2017.01.04 10시	연세대학교와 함께하는 음악캠프 합동연주회	0	0	0	0	0	0	0	0	0	0	0	0	0	0
410	410	기획	대극장	2016.12.15 10시	임헌정과 코리안심포니오케스트라가 함께하는 2017 예울마루 신년음악회	0	0	0	0	0	0	0	0	0	0	0	0	0	0
409	409	대관	대극장	2016.12.08 10시	뮤지컬 젊음의 행진	0	0	0	0	0	0	0	0	0	0	0	0	0	0
408	408	대관	소극장	2016.12.06 10시	지역예술인재콘서트	0	0	0	0	0	0	0	0	0	0	0	0	0	0
407	407	대관	대극장	2016.12.06 10시	희망동행 송년음악회	0	0	0	0	0	0	0	0	0	0	0	0	0	0
406	406	대관	소극장	2016.11.25 10시	2016 감사음악회 고맙습니다. 사랑합니다. 행복하세요.	0	0	0	0	0	0	0	0	0	0	0	0	0	0
405	405	대관	대극장	2016.11.25 10시	여수청소년관악단 제5회 정기연주회	0	0	0	0	0	0	0	0	0	0	0	0	0	0
404	404	대관	소극장	2016.10.20 10시	문학Concert 여수로 오이다, 얼릉 오이다.	0	0	0	0	0	0	0	0	0	0	0	0	0	0
403	403	대관	소극장	2016.10.18 10시	전장수 클래식 기타 독주회	0	0	0	0	0	0	0	0	0	0	0	0	0	0
402	402	기타	대극장	2016.10.02 10시	뮤지컬<그날들>	3	0	0	33.33	0	66.67	0	0	33.33	66.67	0	0	0	0
401	401	대관	소극장	2016.09.28 10시	내친구 찰리:어린이 클래식음악,마임극	0	0	0	0	0	0	0	0	0	0	0	0	0	0
400	400	대관	대극장	2016.09.23 10시	애국지사 손양원 순교기념 KBS교향악단 초청공연	0	0	0	0	0	0	0	0	0	0	0	0	0	0
399	399	대관	소극장	2016.09.01 10시	연극 러브액츄얼리	0	0	0	0	0	0	0	0	0	0	0	0	0	0
398	398	대관	대극장	2016.09.01 10시	제4회 정기연주회 여수유스오케스트라	0	0	0	0	0	0	0	0	0	0	0	0	0	0
397	397	대관	대극장	2016.09.01 10시	초록우산 드림오케스트라 여수 창단 연주회	0	0	0	0	0	0	0	0	0	0	0	0	0	0
396	396	대관	대극장	2016.09.01 10시	여수교원교향악단 아홉번째 연주회	0	0	0	0	0	0	0	0	0	0	0	0	0	0
395	395	대관	소극장	2016.09.01 10시	제11회 여수리코더페스티벌	0	0	0	0	0	0	0	0	0	0	0	0	0	0
394	394	대관	대극장	2016.09.01 10시	이루마 전국투어 콘서트	0	0	0	0	0	0	0	0	0	0	0	0	0	0
393	393	대관	대극장	2016.09.01 10시	여수시립합창단 제70회 정기연주회_환희의 송가	0	0	0	0	0	0	0	0	0	0	0	0	0	0
392	392	대관	대극장	2016.09.01 10시	여수교직원합창단울림 제3회 정기연주회 희망의 나라로	0	0	0	0	0	0	0	0	0	0	0	0	0	0
391	391	대관	소극장	2016.09.01 10시	이태리 가곡과 아리아의 밤	0	0	0	0	0	0	0	0	0	0	0	0	0	0
390	390	대관	소극장	2016.09.01 10시	피아니스트 문윤미와 함께하는 겨울이야기	0	0	0	0	0	0	0	0	0	0	0	0	0	0
389	389	대관	대극장	2016.09.01 10시	여수시립국악단 제32회 정기공연 거울나라	0	0	0	0	0	0	0	0	0	0	0	0	0	0
388	388	대관	대극장	2016.09.01 10시	2016 뮤지컬 노트르담드 파리	0	0	0	0	0	0	0	0	0	0	0	0	0	0
387	387	대관	소극장	2016.09.01 10시	어울림 여수오카리나앙상블예울 제2회 정기연주회	0	0	0	0	0	0	0	0	0	0	0	0	0	0
386	386	대관	대극장	2016.09.01 10시	여수YWCA합창단 제17회 정기연주회 The New Story	0	0	0	0	0	0	0	0	0	0	0	0	0	0
385	385	대관	대극장	2016.09.01 10시	제8회 여도 국악관현악 정기연주회	0	0	0	0	0	0	0	0	0	0	0	0	0	0
384	384	대관	대극장	2016.09.01 10시	여수필하모닉오케스트라 제28회 정기연주회	0	0	0	0	0	0	0	0	0	0	0	0	0	0
383	383	대관	대극장	2016.09.01 10시	2016 제5회 여수학생오케스트라 페스티벌	0	0	0	0	0	0	0	0	0	0	0	0	0	0
382	382	대관	대극장	2016.09.01 10시	NH필하모닉오케스트라 해설이있는연주회	0	0	0	0	0	0	0	0	0	0	0	0	0	0
381	381	대관	소극장	2016.09.01 10시	제14회 여수어머니리코더합주단 정기연주회	0	0	0	0	0	0	0	0	0	0	0	0	0	0
380	380	대관	소극장	2016.09.01 10시	피어클랑 콰르텟 정기연주회	0	0	0	0	0	0	0	0	0	0	0	0	0	0
379	379	대관	대극장	2016.09.01 10시	(사)뿌리패예술단 창단30주년 기념 DRUM TOUR	0	0	0	0	0	0	0	0	0	0	0	0	0	0
378	378	대관	소극장	2016.09.01 10시	애양청소년오케스트라FROM 제1회 정기연주회	0	0	0	0	0	0	0	0	0	0	0	0	0	0
377	377	대관	소극장	2016.09.01 10시	앙상블 네우마, 클래식을 선물하다	0	0	0	0	0	0	0	0	0	0	0	0	0	0
376	376	대관	대극장	2016.09.01 10시	2016 여수 학생학부모 합창페스티벌	0	0	0	0	0	0	0	0	0	0	0	0	0	0
375	375	대관	대극장	2016.09.01 10시	전남동부극동방송 개국 1주년 축하 음악회	0	0	0	0	0	0	0	0	0	0	0	0	0	0
374	374	대관	소극장	2016.09.01 10시	이지인 귀국 피아노 리사이틀	0	0	0	0	0	0	0	0	0	0	0	0	0	0
373	373	대관	소극장	2016.09.01 10시	2016 제5회 여수 학생 연극 페스티벌	0	0	0	0	0	0	0	0	0	0	0	0	0	0
372	372	대관	대극장	2016.09.01 10시	여수심포니오케스트라 정기연주회	0	0	0	0	0	0	0	0	0	0	0	0	0	0
371	371	대관	소극장	2016.09.01 10시	가을밤의 세레나데	0	0	0	0	0	0	0	0	0	0	0	0	0	0
370	370	대관	대극장	2016.08.31 10시	여수사랑의부부합창단 창단20주년 및 제10회 정기연주회	0	0	0	0	0	0	0	0	0	0	0	0	0	0
369	369	대관	대극장	2016.08.31 10시	교직원공제회 뮤직앤조이 콘서트	0	0	0	0	0	0	0	0	0	0	0	0	0	0
368	368	대관	소극장	2016.08.31 10시	2016 다문화학생 문화예술동아리 다다다 발표회	0	0	0	0	0	0	0	0	0	0	0	0	0	0
367	367	대관	기타	2016.08.31 10시	[취소]서영은의 감성태교 토크콘서트	0	0	0	0	0	0	0	0	0	0	0	0	0	0
366	366	대관	대극장	2016.08.31 10시	여수시립합창단 70회 정기연주회	0	0	0	0	0	0	0	0	0	0	0	0	0	0
365	365	대관	대극장	2016.08.31 10시	2016년 전라남도 학생예술교육페스티벌_대극장	0	0	0	0	0	0	0	0	0	0	0	0	0	0
364	364	대관	소극장	2016.08.31 10시	2016년 전라남도 학생예술교육페스티벌_소극장	0	0	0	0	0	0	0	0	0	0	0	0	0	0
363	363	기획	소극장	2016.08.31 10시	국립극단 연극 타조소년들	0	0	0	0	0	0	0	0	0	0	0	0	0	0
362	362	기획	대극장	2016.08.31 10시	피아니스트 강현주와 함께하는 위대한 작가들의 음악책갈피Ⅳ 톨스토이의 눈물 차이콥스키	0	0	0	0	0	0	0	0	0	0	0	0	0	0
361	361	기획	대극장	2016.08.31 10시	정경화 리사이틀	0	0	0	0	0	0	0	0	0	0	0	0	0	0
360	360	기획	대극장	2016.08.27 10시	피아니스트 강현주와 함께하는 위대한 작가들의 음악책갈피Ⅲ_앙드레지드의 헌정 쇼팽	0	0	0	0	0	0	0	0	0	0	0	0	0	0
359	359	대관	대극장	2016.08.26 10시	난타(NANTA) -여수	0	0	0	0	0	0	0	0	0	0	0	0	0	0
358	358	대관	소극장	2016.08.25 10시	소프라노 윤한나 귀국 독창회	0	0	0	0	0	0	0	0	0	0	0	0	0	0
357	357	대관	대극장	2016.08.24 10시	전남동부지역 KBS방송 60년 2016 시민행복합창제	0	0	0	0	0	0	0	0	0	0	0	0	0	0
356	356	대관	대극장	2016.08.24 10시	장애인&비장애인 전문예술가와 함께하는 희망다리 콘서트	0	0	0	0	0	0	0	0	0	0	0	0	0	0
355	355	기타	대극장	2016.08.02 10시	제2회 여수시 청소년국악관현악캠프	0	0	0	0	0	0	0	0	0	0	0	0	0	0
354	354	대관	대극장	2016.07.27 10시	제3회 여수클래식 영재육성을 위한 음악회	0	0	0	0	0	0	0	0	0	0	0	0	0	0
353	353	대관	대극장	2016.07.25 10시	SMOKIE 원조보컬 크리스 노먼 최초 내한공연	0	0	0	0	0	0	0	0	0	0	0	0	0	0
352	352	대관	대극장	2016.07.21 10시	2016 만9,900원의 행복	0	0	0	0	0	0	0	0	0	0	0	0	0	0
351	351	대관	대극장	2016.07.06 10시	앙상블 클라비어 여름밤 콘서트	0	0	0	0	0	0	0	0	0	0	0	0	0	0
350	350	기획	소극장	2016.07.01 10시	여수에서 만나는 프랑스의 낭만_소극장	0	0	0	0	0	0	0	0	0	0	0	0	0	0
349	349	기획	대극장	2016.07.01 10시	여수에서 만나는 프랑스의 낭만_대극장	0	0	0	0	0	0	0	0	0	0	0	0	0	0
348	348	기획	대극장	2016.07.01 10시	여수무지개학교 교육지구 학부모 아카데미 연찬회	0	0	0	0	0	0	0	0	0	0	0	0	0	0
347	347		소극장	2016.06.30 10시	예울마루 여성영화산책(12.28)_할머니의 먼집	0	0	0	0	0	0	0	0	0	0	0	0	0	0
346	346		소극장	2016.06.30 10시	예울마루 여성영화산책(10.26)_업포러브	0	0	0	0	0	0	0	0	0	0	0	0	0	0
345	345		소극장	2016.06.30 10시	예울마루 여성영화산책(08.31)_우리들	0	0	0	0	0	0	0	0	0	0	0	0	0	0
344	344	대관	소극장	2016.06.30 10시	하루쯤은 클래식	0	0	0	0	0	0	0	0	0	0	0	0	0	0
343	343	대관	소극장	2016.06.30 10시	2016 유스오케스트라 앙상블 연주회	0	0	0	0	0	0	0	0	0	0	0	0	0	0
342	342	대관	대극장	2016.06.28 10시	Andreas Hartmann & 클래시칸 앙상블	0	0	0	0	0	0	0	0	0	0	0	0	0	0
341	341	대관	소극장	2016.06.23 10시	러시아 피아니스트 키릴카슈닌 <미항여수, 러시아를 품다>	0	0	0	0	0	0	0	0	0	0	0	0	0	0
340	340	대관	소극장	2016.06.14 10시	광주연우회 여수공연 <님을 꿈꾸는 계절에>	0	0	0	0	0	0	0	0	0	0	0	0	0	0
339	339	대관	대극장	2016.06.09 10시	2016 장윤정 스위트 타임	0	0	0	0	0	0	0	0	0	0	0	0	0	0
338	338	대관	대극장	2016.05.26 10시	2016 아르스노바 남성합창단 창단 10주년 기념 제7회 정기연주회	0	0	0	0	0	0	0	0	0	0	0	0	0	0
337	337	기획	대극장	2015.01.01 01시	피아니스트 강현주와 함께하는 위대한 작가들의 음악책갈피Ⅱ하루키의 영감,드뷔시	0	0	0	0	0	0	0	0	0	0	0	0	0	0
336	336	대관	대극장	2016.05.20 10시	현악4중주 파개그니니	0	0	0	0	0	0	0	0	0	0	0	0	0	0
335	335	대관	대극장	2016.05.13 10시	2016 장범준 전국공연<사랑에 빠져요>-여수	0	0	0	0	0	0	0	0	0	0	0	0	0	0
334	334	대관	소극장	2016.05.10 10시	제41회 한국음악협회 여수지부 정기연주회	0	0	0	0	0	0	0	0	0	0	0	0	0	0
333	333	대관	대극장	2016.04.20 10시	여수시립합창단 제69회정기연주회 한국 동서양 음악을 만나다.	0	0	0	0	0	0	0	0	0	0	0	0	0	0
332	332	기획	대극장	2016.04.15 10시	오페라 갈라콘서트	0	0	0	0	0	0	0	0	0	0	0	0	0	0
331	331	기타	대극장	2016.04.15 10시	여수시립국악단 오월愛	0	0	0	0	0	0	0	0	0	0	0	0	0	0
330	330	기타	대극장	2016.04.12 10시	뮤지컬 맘마미아	0	0	0	0	0	0	0	0	0	0	0	0	0	0
329	329	대관	대극장	2016.04.01 10시	타악앙상블 Meta Regular Concert	0	0	0	0	0	0	0	0	0	0	0	0	0	0
328	328	대관	대극장	2016.03.30 10시	키예프 국립발레단 내한공연	0	0	0	0	0	0	0	0	0	0	0	0	0	0
327	327	기획	대극장	2016.03.21 10시	한국페스티발 앙상블 창단 30주년 기념 연주회	0	0	0	0	0	0	0	0	0	0	0	0	0	0
326	326	대관	대극장	2016.03.17 10시	유키구라모토 콘서트 Misty Lake Louise	0	0	0	0	0	0	0	0	0	0	0	0	0	0
325	325	기타	대극장	2016.03.14 10시	송승환의 명작동화뮤지컬 오즈의 마법사	0	0	0	0	0	0	0	0	0	0	0	0	0	0
324	324	대관	소극장	2016.03.07 10시	앙상블 네우마 제2회 정기연주회	0	0	0	0	0	0	0	0	0	0	0	0	0	0
323	323	대관	대극장	2016.03.02 10시	연극 <늘근도둑이야기>	0	0	0	0	0	0	0	0	0	0	0	0	0	0
322	322	기획	대극장	2016.02.25 10시	피아니스트 문지영&수원시립교향악단 연주회	0	0	0	0	0	0	0	0	0	0	0	0	0	0
321	321	기획	대극장	2016.02.16 10시	피아니스트 강현주와 함께하는 위대한 작가들의 음악책갈피Ⅰ로맹롤랑의 사랑"베토벤"	0	0	0	0	0	0	0	0	0	0	0	0	0	0
320	320	대관	소극장	2016.02.11 10시	여수 심포니 스트링 앙상블 창단연주회_시작 그리고 울림	0	0	0	0	0	0	0	0	0	0	0	0	0	0
319	319	대관	대극장	2016.02.03 10시	뮤지컬 바람이 불어오는 곳	0	0	0	0	0	0	0	0	0	0	0	0	0	0
318	318	대관	소극장	2016.01.27 10시	열린챔버오케스트라 제11회 정기연주회	0	0	0	0	0	0	0	0	0	0	0	0	0	0
317	317		소극장	2016.01.26 10시	예울마루 여성영화산책_단편영화특선	0	0	0	0	0	0	0	0	0	0	0	0	0	0
316	316		소극장	2016.01.26 10시	예울마루 여성영화산책_주주Zouzou	0	0	0	0	0	0	0	0	0	0	0	0	0	0
315	315		소극장	2016.01.26 10시	예울마루 여성영화산책_도희야	0	0	0	0	0	0	0	0	0	0	0	0	0	0
314	314	기타	대극장	2016.01.12 10시	여수 청소년국악관현악단 합동연주회 어울림	0	0	0	0	0	0	0	0	0	0	0	0	0	0
313	313	기타	대극장	2016.01.05 10시	제3회 연세대학교와 함께하는 음악캠프 합동연주회	0	0	0	0	0	0	0	0	0	0	0	0	0	0
312	312	대관	대극장	2015.12.30 10시	2016 신년음악회 심포니W,송소희	0	0	0	0	0	0	0	0	0	0	0	0	0	0
311	311	대관	대극장	2015.12.24 10시	애국지사 손양원 기념 신년 콘서트	0	0	0	0	0	0	0	0	0	0	0	0	0	0
310	310	기타	대극장	2015.12.22 10시	조상님께 바치는 댄스	0	0	0	0	0	0	0	0	0	0	0	0	0	0
309	309	기획	대극장	2015.12.19 10시	손열음 피아노 리사이틀	0	0	0	0	0	0	0	0	0	0	0	0	0	0
308	308	대관	소극장	2015.12.18 10시	2015 제4회 지역예술인재콘서트 네꿈에 날개를	0	0	0	0	0	0	0	0	0	0	0	0	0	0
307	307	대관	소극장	2015.12.04 10시	2015 여수 윈드오케스트라 Vituoso Trombone Ensemble	2	0	0	0	100	0	0	0	0	100	0	0	0	0
306	306	대관	대극장	2015.12.03 10시	클래식 음악선물 Ⅳ-LOVE, 사랑	0	0	0	0	0	0	0	0	0	0	0	0	0	0
305	305	대관	대극장	2015.11.26 10시	2015 송년음악회<휠체어는 나의 날개>	0	0	0	0	0	0	0	0	0	0	0	0	0	0
304	304	기타	대극장	2015.11.17 10시	창작오페라 귀항	0	0	0	0	0	0	0	0	0	0	0	0	0	0
303	303	대관	소극장	2015.11.12 10시	제3회 인도영화축제 5일간의 인도여행	0	0	0	0	0	0	0	0	0	0	0	0	0	0
302	302	대관	소극장	2015.11.10 10시	이혜란의 토크콘서트 사랑해요.그대	0	0	0	0	0	0	0	0	0	0	0	0	0	0
301	301	대관	소극장	2015.10.29 10시	제13회 그레이스 콘서트	0	0	0	0	0	0	0	0	0	0	0	0	0	0
300	300	대관	대극장	2015.10.28 10시	(사)뿌리패 예술단 여수시지부 정기연주회 불휘	0	0	0	0	0	0	0	0	0	0	0	0	0	0
299	299	기획	대극장	2015.10.28 10시	인터내셔널 쇼팽음반발매기념 임동혁피아노리사이틀	0	0	0	0	0	0	0	0	0	0	0	0	0	0
298	298	대관	소극장	2015.10.27 10시	여수사랑의부부합창단 제9회 정기연주회 행복한 동행	0	0	0	0	0	0	0	0	0	0	0	0	0	0
297	297	기획	소극장	2015.10.24 10시	연극<경숙이,경숙아버지>	0	0	0	0	0	0	0	0	0	0	0	0	0	0
296	296	기획	대극장	2015.10.24 10시	피아니스트 강현주와 함께하는 원스어픈어타임_ 모던1945	0	0	0	0	0	0	0	0	0	0	0	0	0	0
295	295	기획	대극장	2015.10.23 14시	양성원&엔리코파체 첼로 소나타 베토벤 전곡 시리즈	0	0	0	0	0	0	0	0	0	0	0	0	0	0
294	294	대관	대극장	2015.10.20 10시	2015 파리나무 십자가 소년합창단 특별초청공연	0	0	0	0	0	0	0	0	0	0	0	0	0	0
293	293	대관	소극장	2015.10.20 10시	Anton Dvorak Lux Ensemble 이은주 룩스앙상블	0	0	0	0	0	0	0	0	0	0	0	0	0	0
292	292	기획	대극장	2015.10.15 10시	피아니스트 강현주와 함께하는 찰리채플린의 모던타임즈	0	0	0	0	0	0	0	0	0	0	0	0	0	0
291	291	기획	대극장	2015.10.01 10시	국립현대무용단 이미아직	0	0	0	0	0	0	0	0	0	0	0	0	0	0
290	290	공동기획	기타	2015.09.25 10시	기증받은피아노예울에서춤추다	0	0	0	0	0	0	0	0	0	0	0	0	0	0
289	289	대관	소극장	2015.09.19 10시	제 39회 여수예술제 한국음악협회 여수시지부 가을밤의 세레나데	0	0	0	0	0	0	0	0	0	0	0	0	0	0
288	288	대관	대극장	2015.09.17 10시	제3회 여수유스오케스트라 정기연주회	0	0	0	0	0	0	0	0	0	0	0	0	0	0
287	287	대관	소극장	2015.09.17 10시	제10회 리코더페스티벌	0	0	0	0	0	0	0	0	0	0	0	0	0	0
286	286	대관	소극장	2015.09.17 10시	첼리스트 김기용&피아니스트 한네롯바이겔트 듀오리싸이틀	0	0	0	0	0	0	0	0	0	0	0	0	0	0
285	285	대관	대극장	2015.09.17 10시	여수교원교향악단 여덟번째 연주회	0	0	0	0	0	0	0	0	0	0	0	0	0	0
284	284	대관	대극장	2015.09.17 10시	피어클랑콰르텟정기연주회	0	0	0	0	0	0	0	0	0	0	0	0	0	0
283	283	대관	대극장	2015.09.17 10시	여수교직원합창단 제2회 정기연주회 고향의 노래	0	0	0	0	0	0	0	0	0	0	0	0	0	0
282	282	대관	대극장	2015.09.17 10시	여수 필하모닉 오케스트라 제27회 정기연주회	0	0	0	0	0	0	0	0	0	0	0	0	0	0
281	281	대관	대극장	2015.09.17 10시	2015 여수학생오케스트라 연합 정기연주회	0	0	0	0	0	0	0	0	0	0	0	0	0	0
280	280	대관	대극장	2015.09.17 10시	여수 여도오케스트라 제16회 정기연주회	0	0	0	0	0	0	0	0	0	0	0	0	0	0
279	279	대관	대극장	2015.09.17 10시	여수YWCA합창단 제16회 정기연주회	0	0	0	0	0	0	0	0	0	0	0	0	0	0
278	278	대관	대극장	2015.09.17 10시	2015학년도 제12회 전남교육음악제	0	0	0	0	0	0	0	0	0	0	0	0	0	0
277	277	대관	대극장	2015.09.17 10시	내 노래에 날개를 달다.	0	0	0	0	0	0	0	0	0	0	0	0	0	0
276	276	대관	대극장	2015.09.17 10시	제21회 여수아가페합창단 정기연주회 믿음의 여행	0	0	0	0	0	0	0	0	0	0	0	0	0	0
275	275	대관	대극장	2015.09.17 10시	제4회 여수청소년관악단 정기연주회	0	0	0	0	0	0	0	0	0	0	0	0	0	0
274	274	대관	소극장	2015.09.17 10시	제13회 여수어머니리코더합주단 정기연주회	0	0	0	0	0	0	0	0	0	0	0	0	0	0
273	273	대관	소극장	2015.09.17 10시	제4회 여수 학생연극제	0	0	0	0	0	0	0	0	0	0	0	0	0	0
272	272	대관	대극장	2015.09.17 10시	여수심포니오케스트라 정기연주회 가을, 베토벤을 느끼다.	0	0	0	0	0	0	0	0	0	0	0	0	0	0
271	271	대관	대극장	2015.09.17 10시	여수시립합창단 제68회 정기연주회 4인 4색	0	0	0	0	0	0	0	0	0	0	0	0	0	0
270	270	대관	소극장	2015.09.17 10시	감성듀오 유리상자 이세준의 태교토크콘서트	0	0	0	0	0	0	0	0	0	0	0	0	0	0
269	269	기획	대극장	2015.09.14 10시	피아니스트 강현주와 함께하는 원스어픈어타임_COSMO1905	0	0	0	0	0	0	0	0	0	0	0	0	0	0
268	268	대관	소극장	2015.09.02 10시	한독교류나라사랑음악회	0	0	0	0	0	0	0	0	0	0	0	0	0	0
267	267	대관	대극장	2015.09.01 10시	장미여관 여수 콘서트	0	0	0	0	0	0	0	0	0	0	0	0	0	0
266	266	기타	대극장	2015.09.01 10시	뮤지컬 <명성황후> 20주년 기념공연 - 여수	0	0	0	0	0	0	0	0	0	0	0	0	0	0
265	265	대관	대극장	2015.09.01 10시	2015 이미자 孝 콘서트	0	0	0	0	0	0	0	0	0	0	0	0	0	0
264	264	대관	대극장	2015.08.29 10시	2015 여수유스오케스트라 협주곡의 밤	0	0	0	0	0	0	0	0	0	0	0	0	0	0
263	263	대관	대극장	2015.08.28 10시	여수시립국악단 제29회 정기공연 황진이, 풍류에 노닐다.	0	0	0	0	0	0	0	0	0	0	0	0	0	0
262	262	대관	대극장	2015.08.19 10시	THE 40TH 한국음악협회 정기연주회	0	0	0	0	0	0	0	0	0	0	0	0	0	0
261	261	대관	대극장	2015.08.17 10시	제2회 여수 클래식 영재육성을 위한 음악회	0	0	0	0	0	0	0	0	0	0	0	0	0	0
260	260		소극장	2015.08.04 10시	예울마루 여성영화 산책_반짝이는 박수소리	0	0	0	0	0	0	0	0	0	0	0	0	0	0
259	259		소극장	2015.08.04 10시	예울마루 여성영화 산책_마이 스키니 시스터	0	0	0	0	0	0	0	0	0	0	0	0	0	0
258	258		소극장	2015.08.04 10시	예울마루 여성영화 산책_토헤즈	0	0	0	0	0	0	0	0	0	0	0	0	0	0
257	257		소극장	2015.08.04 10시	예울마루 여성영화 산책_골든 차일드	0	0	0	0	0	0	0	0	0	0	0	0	0	0
256	256		소극장	2015.08.04 10시	예울마루 여성영화 산책_세컨드 마더	0	0	0	0	0	0	0	0	0	0	0	0	0	0
255	255	대관	대극장	2015.07.22 10시	ONE ASIA IN DANCE, 춤으로 만나는 아시아	0	0	0	0	0	0	0	0	0	0	0	0	0	0
254	254	대관	소극장	2015.07.21 10시	서주희 바이올린 독주회	0	0	0	0	0	0	0	0	0	0	0	0	0	0
253	253	대관	소극장	2015.07.17 10시	김진호 피아노 리사이틀	0	0	0	0	0	0	0	0	0	0	0	0	0	0
252	252	대관	소극장	2015.07.14 10시	러시아 피아니스트 끼릴카슈닌 피아노 리사이틀	0	0	0	0	0	0	0	0	0	0	0	0	0	0
251	251	대관	대극장	2015.07.07 10시	바이올리니스트 오주영 내한공연	0	0	0	0	0	0	0	0	0	0	0	0	0	0
250	250		소극장	2015.07.06 10시	예울마루 여성영화 산책_할머니와 란제리	0	0	0	0	0	0	0	0	0	0	0	0	0	0
249	249	대관	대극장	2015.06.22 10시	안성완 독창회 "그리움"	0	0	0	0	0	0	0	0	0	0	0	0	0	0
248	248	대관	소극장	2015.06.22 10시	제7회피아노듀오&솔로연주회	0	0	0	0	0	0	0	0	0	0	0	0	0	0
247	247	기획	대극장	2015.06.19 10시	피아니스트 박종화 콘서트 NUNAYA 동요, 클래식이 되다.	0	0	0	0	0	0	0	0	0	0	0	0	0	0
246	246	기획	대극장	2015.06.17 10시	김선욱 이상엔더스 듀오콘서트	0	0	0	0	0	0	0	0	0	0	0	0	0	0
245	245	기획	대극장	2015.06.15 10시	피아니스트 강현주와 함께하는 원스 어픈 어 타임_로맨틱 1865	0	0	0	0	0	0	0	0	0	0	0	0	0	0
244	244	기타	대극장	2015.06.10 10시	뮤지컬<빨래>	0	0	0	0	0	0	0	0	0	0	0	0	0	0
243	243	대관	대극장	2015.06.02 10시	안성완 독창회 "그리움"(공연일정7월 30일로 연기)	0	0	0	0	0	0	0	0	0	0	0	0	0	0
242	242	대관	대극장	2015.06.01 10시	헬로 카봇	0	0	0	0	0	0	0	0	0	0	0	0	0	0
241	241	대관	소극장	2015.05.28 10시	제7회피아노듀오&솔로연주회 (공연일정7월 25일로 연기)	0	0	0	0	0	0	0	0	0	0	0	0	0	0
240	240	기획	소극장	2015.05.27 10시	예울마루 아카데미 클래식파노라마 종강 콘서트	0	0	0	0	0	0	0	0	0	0	0	0	0	0
239	239	대관	소극장	2015.05.27 10시	6월 이야기 : Pieces,songs,and Miniatures	0	0	0	0	0	0	0	0	0	0	0	0	0	0
238	238	공동기획	대극장	2015.05.21 10시	2015 문화가 있는 날, <직장배달콘서트>	0	0	0	0	0	0	0	0	0	0	0	0	0	0
237	237	대관	대극장	2015.05.20 10시	가슴뛰는 시작 with 여수 심포니 오케스트라	0	0	0	0	0	0	0	0	0	0	0	0	0	0
236	236	대관	대극장	2015.05.20 10시	여수,안산 시립국악단 교류음악회, 소리 그리고 놀이	0	0	0	0	0	0	0	0	0	0	0	0	0	0
235	235	대관	소극장	2015.04.28 10시	언덕을 넘어서 가자	0	0	0	0	0	0	0	0	0	0	0	0	0	0
234	234	대관	대극장	2015.03.27 10시	WBC 복지TV 전남 꿈나무 희망찾기 가족힐링 갈라콘서트	0	0	0	0	0	0	0	0	0	0	0	0	0	0
233	233	기획	대극장	2015.03.27 10시	세종솔로이스츠의 낭만	0	0	0	0	0	0	0	0	0	0	0	0	0	0
232	232	대관	대극장	2015.03.27 10시	여수시립합창단 제 67회 정기연주회 "결혼이야기"	0	0	0	0	0	0	0	0	0	0	0	0	0	0
231	231	대관	대극장	2015.03.26 10시	희망의 아이콘 폴 포츠 - 여수공연	0	0	0	0	0	0	0	0	0	0	0	0	0	0
230	230	대관	대극장	2015.03.18 10시	액션라이브쇼 파워레인저 다이노포스(공연취소)	0	0	0	0	0	0	0	0	0	0	0	0	0	0
229	229	대관	대극장	2015.03.13 10시	전남 극동방송 설립추진 음악회	0	0	0	0	0	0	0	0	0	0	0	0	0	0
228	228	기타	대극장	2015.03.12 10시	뮤지컬 <빨래> (공연일정 9월 3~5일로 연기)	0	0	0	0	0	0	0	0	0	0	0	0	0	0
227	227	대관	대극장	2015.03.13 14시	뮤지컬 캣츠(CATS)	0	0	0	0	0	0	0	0	0	0	0	0	0	0
226	226	대관	대극장	2015.03.09 10시	파개그니니	0	0	0	0	0	0	0	0	0	0	0	0	0	0
225	225	기획	대극장	2015.03.09 10시	피아니스트 강현주와 함께하는 원스 어폰 어 타임_헬로우!1825	0	0	0	0	0	0	0	0	0	0	0	0	0	0
224	224	대관	대극장	2015.03.06 10시	함신익과 심포니 송이 함께하는 BASF 창립 150주년 기념음악회	0	0	0	0	0	0	0	0	0	0	0	0	0	0
223	223	대관	소극장	2015.02.27 10시	세계적인 아티스트 초청 <음악 스케치>	0	0	0	0	0	0	0	0	0	0	0	0	0	0
222	222	기타	대극장	2015.02.25 10시	가족뮤지컬〈Why ? 마법사와 쫓겨난 임금〉	0	0	0	0	0	0	0	0	0	0	0	0	0	0
221	221	대관	소극장	2015.02.11 10시	신춘음악회	0	0	0	0	0	0	0	0	0	0	0	0	0	0
220	220	대관	소극장	2014.12.20 10시	2014 여수 클래식 영재육성을 위한 음악회	0	0	0	0	0	0	0	0	0	0	0	0	0	0
219	219	대관	소극장	2014.12.15 10시	제3회 지역예술인재콘서트_내꿈에날개를	0	0	0	0	0	0	0	0	0	0	0	0	0	0
218	218	대관	대극장	2014.12.03 10시	여수시립국악단 제28회 정기연주회_동백 바람에 날리어	0	0	0	0	0	0	0	0	0	0	0	0	0	0
217	217	대관	대극장	2014.12.02 10시	빈 소년 합창단 신년음악회	0	0	0	0	0	0	0	0	0	0	0	0	0	0
216	216	대관	대극장	2014.11.05 10시	여수 교원교향악단 정기연주회	0	0	0	0	0	0	0	0	0	0	0	0	0	0
215	215	대관	대극장	2014.11.05 10시	여수시립합창단 송년음악회	0	0	0	0	0	0	0	0	0	0	0	0	0	0
214	214	대관	소극장	2014.11.05 10시	제9회 여수리코더 페스티벌	0	0	0	0	0	0	0	0	0	0	0	0	0	0
213	213	대관	대극장	2014.11.05 10시	전남학생예술교육페스티벌(오케스트라부문)	1	0	0	0	100	0	0	0	0	100	0	0	0	0
212	212	대관	대극장	2014.11.05 10시	KCO 첼로 앙상블 연주회	0	0	0	0	0	0	0	0	0	0	0	0	0	0
211	211	대관	대극장	2014.11.05 10시	WBC복지TV개국 4주년 기념 갈라콘서트	0	0	0	0	0	0	0	0	0	0	0	0	0	0
210	210	기획	대극장	2014.11.05 10시	피아니스트 강현주와 함께 떠나는 세계음악여행_화이트 인 뉴욕	0	0	0	0	0	0	0	0	0	0	0	0	0	0
209	209	대관	대극장	2014.11.05 10시	여수교직원합창단창단연주회_내마음의강물	0	0	0	0	0	0	0	0	0	0	0	0	0	0
208	208	대관	대극장	2014.11.05 10시	2014 이루마 전국투어 콘서트	0	0	0	0	0	0	0	0	0	0	0	0	0	0
207	207	대관	소극장	2014.11.01 10시	2014 전라남도 학생 예술교육 페스티벌	0	0	0	0	0	0	0	0	0	0	0	0	0	0
206	206	대관	대극장	2014.11.01 10시	2014 여수 학생 오케스트라 페스티벌	0	0	0	0	0	0	0	0	0	0	0	0	0	0
205	205	대관	대극장	2014.11.01 10시	제66회 시립합창단 정기연주회	0	0	0	0	0	0	0	0	0	0	0	0	0	0
204	204	대관	대극장	2014.11.01 10시	제7회 여도국악관현악단 연주회	0	0	0	0	0	0	0	0	0	0	0	0	0	0
203	203	대관	대극장	2014.10.31 10시	제3회 여수 학생.학부모 합창페스티벌	0	0	0	0	0	0	0	0	0	0	0	0	0	0
202	202	기타	대극장	2014.11.04 01시	뮤지컬<시카고>	0	0	0	0	0	0	0	0	0	0	0	0	0	0
201	201	대관	대극장	2014.10.30 10시	제15회 여수YWCA합창단 정기연주회	0	0	0	0	0	0	0	0	0	0	0	0	0	0
200	200	대관	소극장	2014.10.30 10시	제12회 여수어머니리코더합주단 정기연주회	0	0	0	0	0	0	0	0	0	0	0	0	0	0
199	199	대관	대극장	2014.10.30 10시	제3회 여수청소년 관악단 정기연주회	0	0	0	0	0	0	0	0	0	0	0	0	0	0
198	198	대관	소극장	2014.10.24 10시	앙상블 네우마의 scent of Autumn(가을의 향기)	0	0	0	0	0	0	0	0	0	0	0	0	0	0
197	197	기타	소극장	2014.10.21 10시	연극<짬뽕>	0	0	0	0	0	0	0	0	0	0	0	0	0	0
196	196	대관	대극장	2014.10.17 10시	제2회 여수영재오케스트라 정기연주회	0	0	0	0	0	0	0	0	0	0	0	0	0	0
195	195	기획	대극장	2014.10.09 10시	모차르트 그룹 최초 내한공연	0	0	0	0	0	0	0	0	0	0	0	0	0	0
194	194	기획	대극장	2014.10.07 10시	음악이 흐르는 광장 영화관	0	0	0	0	0	0	0	0	0	0	0	0	0	0
193	193	대관	대극장	2014.09.19 10시	김동규의 열정 라틴콘서트	0	0	0	0	0	0	0	0	0	0	0	0	0	0
192	192	대관	소극장	2014.09.02 10시	제3회 여수학생연극페스티벌	0	0	0	0	0	0	0	0	0	0	0	0	0	0
191	191	대관	대극장	2014.09.02 10시	여수시립국악단 정기연주회	0	0	0	0	0	0	0	0	0	0	0	0	0	0
190	190	대관	대극장	2014.09.02 10시	오페라 사랑의 묘약	0	0	0	0	0	0	0	0	0	0	0	0	0	0
189	189	대관	소극장	2014.09.02 10시	가을밤의 세레나데	0	0	0	0	0	0	0	0	0	0	0	0	0	0
188	188	기획	대극장	2014.09.02 10시	모던타임즈	0	0	0	0	0	0	0	0	0	0	0	0	0	0
187	187	기획	대극장	2014.09.02 10시	JK앙상블 연주회	0	0	0	0	0	0	0	0	0	0	0	0	0	0
186	186	대관	대극장	2014.09.02 10시	여수아가페합창단 정기연주회	0	0	0	0	0	0	0	0	0	0	0	0	0	0
185	185	기획	대극장	2014.09.02 10시	피아니스트 강현주와 함께 떠나는 세계음악여행_파리의 가을	0	0	0	0	0	0	0	0	0	0	0	0	0	0
184	184	대관	대극장	2014.09.02 10시	한국음악협회 여수지부 정기연주회	0	0	0	0	0	0	0	0	0	0	0	0	0	0
183	183	대관	대극장	2014.09.02 10시	제정화 젊은소리 열번째판 "꿈꾸는 바다"	0	0	0	0	0	0	0	0	0	0	0	0	0	0
182	182	대관	소극장	2014.09.02 10시	염은하 바이올린 리사이틀	0	0	0	0	0	0	0	0	0	0	0	0	0	0
181	181	대관	소극장	2014.08.25 10시	이성열 바이올린 독주회	0	0	0	0	0	0	0	0	0	0	0	0	0	0
180	180	대관	대극장	2014.08.20 10시	헝가리부다페스트 색소폰 콰르텟 연주회	0	0	0	0	0	0	0	0	0	0	0	0	0	0
179	179	대관	대극장	2014.08.19 10시	여수시민과 함께하는 예술의 향연	0	0	0	0	0	0	0	0	0	0	0	0	0	0
178	178	대관	대극장	2014.08.18 10시	여수심포니오케스트라 제3회 정기연주회	0	0	0	0	0	0	0	0	0	0	0	0	0	0
177	177	기타	대극장	2014.08.20 11시	뮤지컬<브로드웨이 42번가>	0	0	0	0	0	0	0	0	0	0	0	0	0	0
176	176	대관	대극장	2014.08.06 10시	아르스노바 남성합창단 제6회 정기연주회	0	0	0	0	0	0	0	0	0	0	0	0	0	0
175	175	대관	대극장	2014.08.05 10시	순교 64주기 손양원기념음악회 "La Clemenza(용서)"	0	0	0	0	0	0	0	0	0	0	0	0	0	0
174	174	대관	소극장	2014.07.31 10시	방미가 바이올린 리사이틀	0	0	0	0	0	0	0	0	0	0	0	0	0	0
173	173	대관	대극장	2014.07.30 09시	브라이언 크레인 콘서트_CF＆드라마 음악의 거장	0	0	0	0	0	0	0	0	0	0	0	0	0	0
172	172	대관	대극장	2014.07.24 10시	클래식 오디세이_United Flute Orchestra와 Harpist 박수원이 선사하는	0	0	0	0	0	0	0	0	0	0	0	0	0	0
171	171	기획	대극장	2014.07.24 10시	피아니스트 강현주와 함께 떠나는 세계음악여행_지중해의 여름	0	0	0	0	0	0	0	0	0	0	0	0	0	0
170	170	대관	대극장	2014.07.09 10시	한 여름밤의 세레나데	0	0	0	0	0	0	0	0	0	0	0	0	0	0
169	169	대관	대극장	2014.06.28 10시	독일작센유스윈드오케스트라	2	0	0	0	100	0	0	0	0	100	0	0	0	0
168	168	기타	대극장	2014.06.28 10시	도이치 방송 교향악단 내한공연	0	0	0	0	0	0	0	0	0	0	0	0	0	0
167	167	대관	대극장	2014.06.23 10시	귀항	0	0	0	0	0	0	0	0	0	0	0	0	0	0
166	166	대관	소극장	2014.06.19 10시	눈물기도	0	0	0	0	0	0	0	0	0	0	0	0	0	0
165	165	대관	대극장	2014.06.18 10시	김선욱 피아노 리사이틀	0	0	0	0	0	0	0	0	0	0	0	0	0	0
164	164	대관	대극장	2014.06.11 10시	이순신의 충효충절을 소리한 김영옥 명창	0	0	0	0	0	0	0	0	0	0	0	0	0	0
163	163	기획	소극장	2014.06.03 10시	2014 한국예술종합학교 찾아가는 문화행사(예울마루 아카데미 종강 콘서트)	0	0	0	0	0	0	0	0	0	0	0	0	0	0
162	162	대관	대극장	2014.06.03 10시	여수지역 유망 솔리스트를 위한 Gala Concert	0	0	0	0	0	0	0	0	0	0	0	0	0	0
161	161	대관	대극장	2014.05.14 10시	프로코피에프필하모니오케스트라와 여수심포니오케스트라	0	0	0	0	0	0	0	0	0	0	0	0	0	0
160	160	대관	소극장	2014.05.14 10시	피아노 듀오 & 솔로 연주회	0	0	0	0	0	0	0	0	0	0	0	0	0	0
159	159	대관	대극장	2014.05.14 10시	제65회 여수시립합창단 정기연주회	0	0	0	0	0	0	0	0	0	0	0	0	0	0
158	158	기획	대극장	2014.05.08 10시	디퍼런트 디토(Ditto) “그리하여,밤”	0	0	0	0	0	0	0	0	0	0	0	0	0	0
157	157	기획	기타	2014.04.29 10시	아카펠라그룹 메이트리 미니콘서트	0	0	0	0	0	0	0	0	0	0	0	0	0	0
156	156	대관	대극장	2014.04.28 10시	리틀엔젤스 예술단	0	0	0	0	0	0	0	0	0	0	0	0	0	0
155	155	대관	대극장	2014.04.24 10시	라트라비아타(LATRAVIATA) 갈라콘서트	0	0	0	0	0	0	0	0	0	0	0	0	0	0
154	154	대관	대극장	2014.04.15 10시	최현우 매직 콘서트 더셜록	0	0	0	0	0	0	0	0	0	0	0	0	0	0
153	153	기획	대극장	2014.04.15 10시	KBS교향악단연주회_GS칼텍스예울마루 개관 2주년 기념 공연	1	0	0	0	100	0	0	0	0	0	0	0	0	100
152	152	대관	대극장	2014.03.26 10시	제 34회 장애인의 날 기념식	0	0	0	0	0	0	0	0	0	0	0	0	0	0
151	151	기획	대극장	2014.02.22 10시	가족뮤지컬 <구름빵>	0	0	0	0	0	0	0	0	0	0	0	0	0	0
150	150	대관	소극장	2014.02.22 10시	카르페디엠 정기연주회	0	0	0	0	0	0	0	0	0	0	0	0	0	0
149	149	대관	소극장	2014.02.22 10시	전장수 기타리스트 독주회	0	0	0	0	0	0	0	0	0	0	0	0	0	0
148	148	대관	소극장	2014.02.22 10시	바이올리니스트 조진주 리사이틀(VOICE)	0	0	0	0	0	0	0	0	0	0	0	0	0	0
147	147	대관	대극장	2014.02.22 10시	더 베이스 갱(THE BASS GANG)	0	0	0	0	0	0	0	0	0	0	0	0	0	0
146	146	기획	대극장	2014.02.22 10시	피아니스트 강현주와 함께 떠나는 세계음악여행_프라하의 봄!	0	0	0	0	0	0	0	0	0	0	0	0	0	0
145	145	대관	대극장	2014.02.19 10시	웃음의 대학	0	0	0	0	0	0	0	0	0	0	0	0	0	0
144	144	기획	대극장	2014.02.19 10시	양성원&엔리코 파체 듀오 리사이틀	0	0	0	0	0	0	0	0	0	0	0	0	0	0
143	143	대관	소극장	2014.02.13 10시	신춘음악회	0	0	0	0	0	0	0	0	0	0	0	0	0	0
142	142	기획	대극장	2014.01.22 10시	예울마루 음악캠프기념 합동연주회_연세대&영재오케스트라	0	0	0	0	0	0	0	0	0	0	0	0	0	0
141	141	대관	소극장	2014.01.21 10시	주믿음 1집 앨범 쇼케이스	0	0	0	0	0	0	0	0	0	0	0	0	0	0
140	140	대관	대극장	2014.01.09 10시	김제동 토크콘서트〈노브레이크〉시즌5	0	0	0	0	0	0	0	0	0	0	0	0	0	0
139	139	대관	대극장	2014.01.08 10시	연극 ＂오스카! 신에게 보내는 편지＂	0	0	0	0	0	0	0	0	0	0	0	0	0	0
138	138	기획	대극장	2013.12.20 10시	뮤지컬<아가씨와건달들>	0	0	0	0	0	0	0	0	0	0	0	0	0	0
137	137	대관	소극장	2013.12.19 10시	PT CONCERT	0	0	0	0	0	0	0	0	0	0	0	0	0	0
136	136	대관	소극장	2013.12.13 10시	제 13회 전남교사리코더합주단 정기연주회	0	0	0	0	0	0	0	0	0	0	0	0	0	0
135	135	대관	소극장	2013.12.13 10시	지역예술인재콘서트	0	0	0	0	0	0	0	0	0	0	0	0	0	0
134	134	기획	소극장	2013.12.06 10시	GS칼텍스 예울마루 성악 아카데미 콘서트	0	0	0	0	0	0	0	0	0	0	0	0	0	0
133	133	대관	대극장	2013.12.02 10시	빈 소년 합창단 신년음악회	0	0	0	0	0	0	0	0	0	0	0	0	0	0
132	132	대관	대극장	2013.12.02 10시	제38회 한국음악협회 여수지부 정기연주회	0	0	0	0	0	0	0	0	0	0	0	0	0	0
131	131	대관	대극장	2013.12.02 10시	여수 시민 합창제	0	0	0	0	0	0	0	0	0	0	0	0	0	0
130	130	대관	소극장	2013.11.27 10시	아카데미아 금관 5중주	0	0	0	0	0	0	0	0	0	0	0	0	0	0
129	129	대관	소극장	2013.11.24 10시	Prof.Andreas Lehmann & Lux Ensemble	0	0	0	0	0	0	0	0	0	0	0	0	0	0
128	128	대관	대극장	2013.11.16 10시	2013 팝페라 콘서트	0	0	0	0	0	0	0	0	0	0	0	0	0	0
127	127	기획	소극장	2013.11.09 10시	예술의전당 <토요콘서트>공연실황중계	0	0	0	0	0	0	0	0	0	0	0	0	0	0
126	126	대관	대극장	2013.11.05 10시	난타(NANTA)	0	0	0	0	0	0	0	0	0	0	0	0	0	0
125	125	대관	대극장	2013.10.30 10시	크리스마스 칸타타	0	0	0	0	0	0	0	0	0	0	0	0	0	0
124	124	기획	대극장	2013.10.28 10시	2013 메세나대상 수상 기념 <프레미에앙상블> 연주회	0	0	0	0	0	0	0	0	0	0	0	0	0	0
123	123	대관	대극장	2013.10.24 10시	이루마 힐링콘서트	0	0	0	0	0	0	0	0	0	0	0	0	0	0
122	122	대관	소극장	2013.10.17 10시	권혁주, 파가니니로 불사르다	0	0	0	0	0	0	0	0	0	0	0	0	0	0
121	121	대관	대극장	2013.10.11 10시	그남자 카운트테너 루이스쵸이를 만나자	0	0	0	0	0	0	0	0	0	0	0	0	0	0
120	120	대관	소극장	2013.10.04 10시	조이아뮤지션스의 힐링음악회	0	0	0	0	0	0	0	0	0	0	0	0	0	0
119	119	대관	대극장	2013.10.04 10시	제14회 YWCA 합창단 정기연주회	0	0	0	0	0	0	0	0	0	0	0	0	0	0
118	118	대관	대극장	2013.10.04 10시	여수필하모닉오케스트라 제25회 정기연주회	0	0	0	0	0	0	0	0	0	0	0	0	0	0
117	117	대관	대극장	2013.10.04 10시	여수시립합창단 오페라 갈라 콘서트	0	0	0	0	0	0	0	0	0	0	0	0	0	0
116	116	대관	대극장	2013.10.04 10시	제6회 여수교원교향악단 정기연주회	0	0	0	0	0	0	0	0	0	0	0	0	0	0
115	115	대관	대극장	2013.10.04 10시	2013 여수학생 오케스트라 페스티벌	0	0	0	0	0	0	0	0	0	0	0	0	0	0
114	114	대관	대극장	2013.10.04 10시	여도오케스트라 제15회 정기연주회	0	0	0	0	0	0	0	0	0	0	0	0	0	0
113	113	대관	소극장	2013.10.04 10시	공제회와 함께 거니는 "문화의 숲, 예술의 정원"	0	0	0	0	0	0	0	0	0	0	0	0	0	0
112	112	대관	대극장	2013.10.04 10시	가무악극 오돌래	0	0	0	0	0	0	0	0	0	0	0	0	0	0
111	111	대관	대극장	2013.10.04 10시	발렌티나 리시차 피아노 리사이틀	0	0	0	0	0	0	0	0	0	0	0	0	0	0
110	110	대관	대극장	2013.10.04 10시	2013 남진콘서트	0	0	0	0	0	0	0	0	0	0	0	0	0	0
109	109	대관	대극장	2013.10.04 10시	2013 내 노래에 날개를 달다	0	0	0	0	0	0	0	0	0	0	0	0	0	0
108	108	대관	소극장	2013.10.04 10시	2013 초등학생 연극페스티벌	0	0	0	0	0	0	0	0	0	0	0	0	0	0
107	107	대관	소극장	2013.10.04 10시	제11회 어머니리코더 합주단 정기연주회	0	0	0	0	0	0	0	0	0	0	0	0	0	0
106	106	대관	대극장	2013.10.04 10시	제29회 전남대학교 음악학과 정기연주회	0	0	0	0	0	0	0	0	0	0	0	0	0	0
105	105	대관	소극장	2013.10.04 10시	가을밤의 세레나데	0	0	0	0	0	0	0	0	0	0	0	0	0	0
104	104	대관	소극장	2013.10.04 10시	남편과 함께하는 태교음악회	0	0	0	0	0	0	0	0	0	0	0	0	0	0
103	103	대관	소극장	2013.10.04 10시	전남대학교 피아노 교수 음악회	0	0	0	0	0	0	0	0	0	0	0	0	0	0
102	102	기획	소극장	2013.09.27 10시	요절복통 코믹연극 <경로당 폰팅사건>	0	0	0	0	0	0	0	0	0	0	0	0	0	0
101	101	대관	기타	2013.09.13 10시	여수마칭(관악)페스티벌	0	0	0	0	0	0	0	0	0	0	0	0	0	0
100	100	대관	대극장	2013.09.12 10시	신의 아그네스	0	0	0	0	0	0	0	0	0	0	0	0	0	0
99	99	대관	기타	2013.09.11 10시	제20회 GS칼텍스 환경글쓰기 대회	0	0	0	0	0	0	0	0	0	0	0	0	0	0
98	98	대관	대극장	2013.09.06 10시	제1회 여수영재오케스트라 정기연주회	0	0	0	0	0	0	0	0	0	0	0	0	0	0
97	97	대관	대극장	2013.08.15 10시	번개맨의 비밀2 <우리영웅 번개맨>	1	0	0	100	0	0	0	0	100	0	0	0	0	0
96	96	대관	소극장	2013.08.15 10시	여수청소년관악단 정기연주회	0	0	0	0	0	0	0	0	0	0	0	0	0	0
95	95	대관	대극장	2013.08.15 10시	제 64회 여수시립합창단 정기 연주회	0	0	0	0	0	0	0	0	0	0	0	0	0	0
94	94	대관	대극장	2013.08.15 10시	여수 심포니오케스트라 정기연주회	0	0	0	0	0	0	0	0	0	0	0	0	0	0
93	93	대관	대극장	2013.08.15 10시	아가페합창단 제 19회 정기연주회	0	0	0	0	0	0	0	0	0	0	0	0	0	0
92	92	대관	소극장	2013.08.15 10시	내 친구 첼로	0	0	0	0	0	0	0	0	0	0	0	0	0	0
91	91	기획	대극장	2013.08.14 16시	세종솔로이스츠의 세레나데	0	0	0	0	0	0	0	0	0	0	0	0	0	0
90	90	대관	대극장	2013.08.14 10시	아르스노바 남성합창단 제5회 정기 연주회	0	0	0	0	0	0	0	0	0	0	0	0	0	0
89	89	대관	대극장	2013.08.14 10시	문지영 피아노 독주회	0	0	0	0	0	0	0	0	0	0	0	0	0	0
88	88	대관	대극장	2013.08.07 10시	창극 홍길동(전남도립국악단 특별 기획공연)	0	0	0	0	0	0	0	0	0	0	0	0	0	0
87	87	대관	대극장	2013.07.22 10시	8.15 광복절 기념 축하음악회 한국환상곡	0	0	0	0	0	0	0	0	0	0	0	0	0	0
86	86	대관	대극장	2013.07.02 10시	2013 청소년 음악회	0	0	0	0	0	0	0	0	0	0	0	0	0	0
85	85	대관	소극장	2013.06.26 10시	제5회 피아노듀오 연주회	0	0	0	0	0	0	0	0	0	0	0	0	0	0
84	84	기획	소극장	2013.06.17 10시	하계 무대점검	0	0	0	0	0	0	0	0	0	0	0	0	0	0
83	83	기획	대극장	2013.06.17 10시	하계 무대점검	0	0	0	0	0	0	0	0	0	0	0	0	0	0
82	82	공동기획	대극장	2013.06.05 10시	여수세계합창제 콘서트 시리즈 4_혼성합창의 밤	0	0	0	0	0	0	0	0	0	0	0	0	0	0
81	81	공동기획	대극장	2013.06.05 10시	여수세계합창제 콘서트 시리즈 3_민속음악 & Pop & Jazz	0	0	0	0	0	0	0	0	0	0	0	0	0	0
80	80	공동기획	대극장	2013.06.05 10시	여수세계합창제 콘서트 시리즈 2_필리핀 합창의 밤	0	0	0	0	0	0	0	0	0	0	0	0	0	0
79	79	공동기획	대극장	2013.06.05 10시	여수세계합창제 콘서트 시리즈 1_미국 합창의 밤	0	0	0	0	0	0	0	0	0	0	0	0	0	0
78	78	대관	대극장	2013.06.04 10시	루마니아티미쇼아라 필하모닉 그들이 전하는 "달콤한 클래식 읽기"	0	0	0	0	0	0	0	0	0	0	0	0	0	0
77	77	대관	소극장	2013.05.31 10시	뮤직드라마 당신만이	0	0	0	0	0	0	0	0	0	0	0	0	0	0
76	76	대관	대극장	2013.05.22 10시	프라임 필하모닉오케스트라 초청 음악회	0	0	0	0	0	0	0	0	0	0	0	0	0	0
75	75	대관	대극장	2013.05.16 10시	모스틀리 필하모닉 영화음악콘서트	0	0	0	0	0	0	0	0	0	0	0	0	0	0
74	74	대관	대극장	2013.05.14 10시	파가니니 카프리스 24개 전곡연주_바이올리니스트 임재홍	0	0	0	0	0	0	0	0	0	0	0	0	0	0
73	73	대관	대극장	2013.05.02 10시	제 63회 여수시립합창단 정기 연주회	0	0	0	0	0	0	0	0	0	0	0	0	0	0
72	72	대관	대극장	2013.04.26 10시	The 주현미 Show	0	0	0	0	0	0	0	0	0	0	0	0	0	0
71	71	대관	대극장	2013.04.25 10시	폴포츠 내한공연	0	0	0	0	0	0	0	0	0	0	0	0	0	0
70	70	대관	소극장	2013.04.18 10시	김영옥 명창 "이순신을 노래하다"	0	0	0	0	0	0	0	0	0	0	0	0	0	0
69	69	대관	대극장	2013.04.18 10시	개그빅콘서트	0	0	0	0	0	0	0	0	0	0	0	0	0	0
68	68	대관	대극장	2013.04.09 10시	넌 특별하단다	0	0	0	0	0	0	0	0	0	0	0	0	0	0
67	67	대관	대극장	2013.04.09 10시	노틀담의 곱추	1	0	0	0	0	100	0	0	100	0	0	0	0	0
66	66	대관	대극장	2013.04.04 10시	앙상블 네우마와 함께 하는 희망 콘서트	0	0	0	0	0	0	0	0	0	0	0	0	0	0
65	65	대관	소극장	2013.04.02 10시	신춘음악회	0	0	0	0	0	0	0	0	0	0	0	0	0	0
64	64	대관	대극장	2013.03.22 10시	코믹연극 너와함께라면	0	0	0	0	0	0	0	0	0	0	0	0	0	0
63	63	대관	대극장	2013.02.26 10시	최정원&친구들의 뮤지컬 콘서트	0	0	0	0	0	0	0	0	0	0	0	0	0	0
62	62	대관	대극장	2013.02.26 10시	친정 엄마와 2박 3일	0	0	0	0	0	0	0	0	0	0	0	0	0	0
61	61	대관	대극장	2013.02.23 10시	카운터테너 초청 (가칭)여수 심포니 오케스트라 신포니에타 연주회	0	0	0	0	0	0	0	0	0	0	0	0	0	0
60	60	대관	대극장	2013.02.13 10시	브라이언 크레인 내한 공연 "사랑, 봄의 이야기"	0	0	0	0	0	0	0	0	0	0	0	0	0	0
59	59	기획	대극장	2013.02.08 10시	서울발레씨어터<호두까기인형>	2	0	0	100	0	0	0	0	100	0	0	0	0	0
58	58	기획	대극장	2013.02.08 10시	힐링음악회 시즌 Ⅳ	0	0	0	0	0	0	0	0	0	0	0	0	0	0
57	57	기획	대극장	2013.08.27 12시	힐링음악회 시즌 Ⅲ	0	0	0	0	0	0	0	0	0	0	0	0	0	0
56	56	기획	대극장	2013.02.08 10시	백건우 피아노 리사이틀	0	0	0	0	0	0	0	0	0	0	0	0	0	0
55	55	기획	대극장	2013.06.14 17시	국립국악관현악단 <잔치>	0	0	0	0	0	0	0	0	0	0	0	0	0	0
54	54	기획	대극장	2013.02.08 10시	힐링음악회 시즌 Ⅱ	0	0	0	0	0	0	0	0	0	0	0	0	0	0
53	53	기획	대극장	2013.04.10 11시	예울마루 개관 1주년 특별공연< 서울시향 연주회>	0	0	0	0	0	0	0	0	0	0	0	0	0	0
52	52	기획	대극장	2013.02.08 10시	어린이 명품 뮤지컬 <브레멘 음악대>	0	0	0	0	0	0	0	0	0	0	0	0	0	0
51	51	기획	대극장	2013.02.08 10시	연극인 김성녀의 <벽속의 요정>	0	0	0	0	0	0	0	0	0	0	0	0	0	0
50	50	기획	대극장	2013.02.08 10시	힐링음악회 I <봄 피아노, 책을 품다>	0	0	0	0	0	0	0	0	0	0	0	0	0	0
49	49	기획	대극장	2013.02.08 10시	김영철의 FunFun 클래식	0	0	0	0	0	0	0	0	0	0	0	0	0	0
48	48	기획	대극장	2013.02.13 10시	양성원 <바흐 무반주 첼로 모음곡 전곡 연주회>	0	0	0	0	0	0	0	0	0	0	0	0	0	0
47	47	대관	대극장	2013.01.22 10시	김제동 토크콘서트 노브레이크 시즌4	0	0	0	0	0	0	0	0	0	0	0	0	0	0
46	46	대관	대극장	2013.01.08 10시	연극 아버지	0	0	0	0	0	0	0	0	0	0	0	0	0	0
45	45	대관	대극장	2012.12.29 10시	금난새의 신년 음악회	0	0	0	0	0	0	0	0	0	0	0	0	0	0
44	44	대관	소극장	2012.12.26 10시	제정화의 여덟번째 유쾌한 수다 - 판소리	0	0	0	0	0	0	0	0	0	0	0	0	0	0
43	43	대관	대극장	2012.12.10 10시	여수시립국악단 제 24회 정기공연_좋지 아니한歌	0	0	0	0	0	0	0	0	0	0	0	0	0	0
42	42	대관	대극장	2012.11.16 10시	금난새와 함께 하는 송년 음악회	0	0	0	0	0	0	0	0	0	0	0	0	0	0
41	41	대관	대극장	2012.11.15 10시	금난새와 함께하는 송년 음악회	0	0	0	0	0	0	0	0	0	0	0	0	0	0
40	40	대관	대극장	2012.11.12 10시	크리스마스 칸타타	0	0	0	0	0	0	0	0	0	0	0	0	0	0
39	39	대관	대극장	2012.11.12 10시	여수 초중학생 오케스트라 페스티벌	0	0	0	0	0	0	0	0	0	0	0	0	0	0
38	38	대관	대극장	2012.11.12 10시	가족콘서트	0	0	0	0	0	0	0	0	0	0	0	0	0	0
37	37	대관	대극장	2012.11.12 10시	여수시립합창단 정기연주회	0	0	0	0	0	0	0	0	0	0	0	0	0	0
36	36	대관	대극장	2012.11.12 10시	제13회 여수 YWCA 합창단 정기연주회	0	0	0	0	0	0	0	0	0	0	0	0	0	0
35	35	대관	대극장	2012.11.12 10시	여도국악단관현악단 자선공연	0	0	0	0	0	0	0	0	0	0	0	0	0	0
34	34	대관	대극장	2012.11.12 10시	여수 교원교향악단 정기연주회	0	0	0	0	0	0	0	0	0	0	0	0	0	0
33	33	대관	대극장	2012.11.12 10시	성가합창제	0	0	0	0	0	0	0	0	0	0	0	0	0	0
32	32	기획	대극장	2012.11.12 10시	맘마미아_여수	0	0	0	0	0	0	0	0	0	0	0	0	0	0
31	31	기획	대극장	2012.11.12 10시	2012 국립발레단 "호두까기 인형" - 여수	0	0	0	0	0	0	0	0	0	0	0	0	0	0
30	30	기획	대극장	2012.11.12 10시	양성원과 레봉벡의 FUN한 여행 － 여수	0	0	0	0	0	0	0	0	0	0	0	0	0	0
29	29	기획	대극장	2012.11.12 10시	2012 이루마 콘서트 "기억에 머무르다"	0	0	0	0	0	0	0	0	0	0	0	0	0	0
28	28	대관	대극장	2012.11.09 10시	제 9회 전남교육음악제	0	0	0	0	0	0	0	0	0	0	0	0	0	0
27	27	대관	대극장	2012.10.25 10시	제 1회 여수 학생 학부모 학창 페스티벌 "내 노래에 날개를 달다"	0	0	0	0	0	0	0	0	0	0	0	0	0	0
26	26	대관	대극장	2012.10.23 10시	여도오케스트라 심포니 페스티벌	0	0	0	0	0	0	0	0	0	0	0	0	0	0
25	25	기획	소극장	2012.10.16 10시	연극 "옥탑방 고양이"	0	0	0	0	0	0	0	0	0	0	0	0	0	0
24	24	대관	소극장	2012.10.15 10시	카르페디엠 플룻앙상블 창단연주회	0	0	0	0	0	0	0	0	0	0	0	0	0	0
23	23	기획	대극장	2012.10.15 10시	초특급 애니뮤지컬 로보카 폴리	0	0	0	0	0	0	0	0	0	0	0	0	0	0
22	22	대관	대극장	2012.10.04 10시	제 21회 전국 무용제	0	0	0	0	0	0	0	0	0	0	0	0	0	0
21	21	대관	대극장	2012.09.27 10시	2012 컬투쇼 <2년만의 미친투어> - 여수공연	0	0	0	0	0	0	0	0	0	0	0	0	0	0
20	20	대관	대극장	2012.09.05 10시	제 22회 남도시립합창제	0	0	0	0	0	0	0	0	0	0	0	0	0	0
19	19	대관	소극장	2012.08.30 10시	드뷔시 탄생 150주년 기념	0	0	0	0	0	0	0	0	0	0	0	0	0	0
18	18	대관	대극장	2012.08.14 10시	시공간으로의 여행 - 평양 예술단	0	0	0	0	0	0	0	0	0	0	0	0	0	0
17	17	대관	대극장	2012.08.13 10시	관객과 호흡하는 김동규 가을콘서트	0	0	0	0	0	0	0	0	0	0	0	0	0	0
16	16	대관	대극장	2012.08.14 14시	이미자 孝 콘서트 - 세월과 함께 부른 나의 노래	0	0	0	0	0	0	0	0	0	0	0	0	0	0
15	15	대관	대극장	2012.07.31 10시	815광복 축하음악회 "한국환상곡"	0	0	0	0	0	0	0	0	0	0	0	0	0	0
14	14	대관	대극장	2012.07.26 10시	2012 이문세 붉은 노을	0	0	0	0	0	0	0	0	0	0	0	0	0	0
13	13	대관	대극장	2012.07.25 10시	여수엑스포심포니오케스트라 Gala Concert	0	0	0	0	0	0	0	0	0	0	0	0	0	0
12	12	대관	대극장	2012.07.25 10시	2012 여수국제장애인EXPO	0	0	0	0	0	0	0	0	0	0	0	0	0	0
11	11	대관	소극장	2012.07.20 10시	유럽거장들과 함께하는 Music Travel	0	0	0	0	0	0	0	0	0	0	0	0	0	0
10	10	대관	대극장	2012.07.12 10시	2012한국창작발레 "성웅 이순신"	0	0	0	0	0	0	0	0	0	0	0	0	0	0
9	9	대관	대극장	2012.07.10 10시	전남도립국악단 판페라 "이순신" - 민초와 함께 부르는 의로운 함성	0	0	0	0	0	0	0	0	0	0	0	0	0	0
8	8	대관	대극장	2012.06.27 10시	창작 가무악극 "오돌래"	0	0	0	0	0	0	0	0	0	0	0	0	0	0
7	7	대관	대극장	2012.06.20 10시	2012 여수엑스포 축하음악회 - 여수필하모닉오케스트라 제 24회 연주회	0	0	0	0	0	0	0	0	0	0	0	0	0	0
6	6	대관	대극장	2012.06.13 10시	[2012 여수 엑스포 축하기념] 뉴욕 주립 청소년 오케스트라 (Empire State Youth Orchestra) 초청 연주회	0	0	0	0	0	0	0	0	0	0	0	0	0	0
5	5	대관	소극장	2012.06.13 10시	[한-모로코 수교 50주년 기념] 모로코 라바트 안달루시아 오케스트라	0	0	0	0	0	0	0	0	0	0	0	0	0	0
4	4	대관	소극장	2012.06.08 10시	[한-요르단 수교 50주년 기념] 요르단 국립민속예술단	0	0	0	0	0	0	0	0	0	0	0	0	0	0
3	3	대관	대극장	2012.06.04 10시	창작 오페라 귀항	0	0	0	0	0	0	0	0	0	0	0	0	0	0
2	2	기획	대극장	2012.05.25 10시	GS칼텍스 예울마루 개관기념 한·중 연합오케스트라 연주회	0	0	0	0	0	0	0	0	0	0	0	0	0	0
1	1	대관	대극장	2015.06.01 10시	창작 오페라 손양원	0	0	0	0	0	0	0	0	0	0	0	0	0	0